DATE_AS_AT,AIR_95_PLUS_FIRST_DOSE_COUNT,AIR_95_PLUS_FIRST_DOSE_PCT,AIR_95_PLUS_SECOND_DOSE_COUNT,AIR_95_PLUS_SECOND_DOSE_PCT,AIR_95_PLUS_FEMALE_PCT,AIR_95_PLUS_MALE_PCT,AIR_90_94_FIRST_DOSE_COUNT,AIR_90_94_FIRST_DOSE_PCT,AIR_90_94_SECOND_DOSE_COUNT,AIR_90_94_SECOND_DOSE_PCT,AIR_90_94_FEMALE_PCT,AIR_90_94_MALE_PCT,AIR_85_89_FIRST_DOSE_COUNT,AIR_85_89_FIRST_DOSE_PCT,AIR_85_89_SECOND_DOSE_COUNT,AIR_85_89_SECOND_DOSE_PCT,AIR_85_89_FEMALE_PCT,AIR_85_89_MALE_PCT,AIR_80_84_FIRST_DOSE_COUNT,AIR_80_84_FIRST_DOSE_PCT,AIR_80_84_SECOND_DOSE_COUNT,AIR_80_84_SECOND_DOSE_PCT,AIR_80_84_FEMALE_PCT,AIR_80_84_MALE_PCT,AIR_75_79_FIRST_DOSE_COUNT,AIR_75_79_FIRST_DOSE_PCT,AIR_75_79_SECOND_DOSE_COUNT,AIR_75_79_SECOND_DOSE_PCT,AIR_75_79_FEMALE_PCT,AIR_75_79_MALE_PCT,AIR_70_74_FIRST_DOSE_COUNT,AIR_70_74_FIRST_DOSE_PCT,AIR_70_74_SECOND_DOSE_COUNT,AIR_70_74_SECOND_DOSE_PCT,AIR_70_74_FEMALE_PCT,AIR_70_74_MALE_PCT,AIR_65_69_FIRST_DOSE_COUNT,AIR_65_69_FIRST_DOSE_PCT,AIR_65_69_SECOND_DOSE_COUNT,AIR_65_69_SECOND_DOSE_PCT,AIR_65_69_FEMALE_PCT,AIR_65_69_MALE_PCT,AIR_60_64_FIRST_DOSE_COUNT,AIR_60_64_FIRST_DOSE_PCT,AIR_60_64_SECOND_DOSE_COUNT,AIR_60_64_SECOND_DOSE_PCT,AIR_60_64_FEMALE_PCT,AIR_60_64_MALE_PCT,AIR_55_59_FIRST_DOSE_COUNT,AIR_55_59_FIRST_DOSE_PCT,AIR_55_59_SECOND_DOSE_COUNT,AIR_55_59_SECOND_DOSE_PCT,AIR_55_59_FEMALE_PCT,AIR_55_59_MALE_PCT,AIR_50_54_FIRST_DOSE_COUNT,AIR_50_54_FIRST_DOSE_PCT,AIR_50_54_SECOND_DOSE_COUNT,AIR_50_54_SECOND_DOSE_PCT,AIR_50_54_FEMALE_PCT,AIR_50_54_MALE_PCT,AIR_45_49_FIRST_DOSE_COUNT,AIR_45_49_FIRST_DOSE_PCT,AIR_45_49_SECOND_DOSE_COUNT,AIR_45_49_SECOND_DOSE_PCT,AIR_45_49_FEMALE_PCT,AIR_45_49_MALE_PCT,AIR_40_44_FIRST_DOSE_COUNT,AIR_40_44_FIRST_DOSE_PCT,AIR_40_44_SECOND_DOSE_COUNT,AIR_40_44_SECOND_DOSE_PCT,AIR_40_44_FEMALE_PCT,AIR_40_44_MALE_PCT,AIR_35_39_FIRST_DOSE_COUNT,AIR_35_39_FIRST_DOSE_PCT,AIR_35_39_SECOND_DOSE_COUNT,AIR_35_39_SECOND_DOSE_PCT,AIR_35_39_FEMALE_PCT,AIR_35_39_MALE_PCT,AIR_30_34_FIRST_DOSE_COUNT,AIR_30_34_FIRST_DOSE_PCT,AIR_30_34_SECOND_DOSE_COUNT,AIR_30_34_SECOND_DOSE_PCT,AIR_30_34_FEMALE_PCT,AIR_30_34_MALE_PCT,AIR_25_29_FIRST_DOSE_COUNT,AIR_25_29_FIRST_DOSE_PCT,AIR_25_29_SECOND_DOSE_COUNT,AIR_25_29_SECOND_DOSE_PCT,AIR_25_29_FEMALE_PCT,AIR_25_29_MALE_PCT,AIR_20_24_FIRST_DOSE_COUNT,AIR_20_24_FIRST_DOSE_PCT,AIR_20_24_SECOND_DOSE_COUNT,AIR_20_24_SECOND_DOSE_PCT,AIR_20_24_FEMALE_PCT,AIR_20_24_MALE_PCT,AIR_16_19_FIRST_DOSE_COUNT,AIR_16_19_FIRST_DOSE_PCT,AIR_16_19_SECOND_DOSE_COUNT,AIR_16_19_SECOND_DOSE_PCT,AIR_16_19_FEMALE_PCT,AIR_16_19_MALE_PCT,AIR_NSW_16_PLUS_FIRST_DOSE_COUNT,AIR_NSW_16_PLUS_FIRST_DOSE_PCT,AIR_NSW_16_PLUS_SECOND_DOSE_COUNT,AIR_NSW_16_PLUS_SECOND_DOSE_PCT,AIR_NSW_16_PLUS_POPULATION,AIR_VIC_16_PLUS_FIRST_DOSE_COUNT,AIR_VIC_16_PLUS_FIRST_DOSE_PCT,AIR_VIC_16_PLUS_SECOND_DOSE_COUNT,AIR_VIC_16_PLUS_SECOND_DOSE_PCT,AIR_VIC_16_PLUS_POPULATION,AIR_QLD_16_PLUS_FIRST_DOSE_COUNT,AIR_QLD_16_PLUS_FIRST_DOSE_PCT,AIR_QLD_16_PLUS_SECOND_DOSE_COUNT,AIR_QLD_16_PLUS_SECOND_DOSE_PCT,AIR_QLD_16_PLUS_POPULATION,AIR_WA_16_PLUS_FIRST_DOSE_COUNT,AIR_WA_16_PLUS_FIRST_DOSE_PCT,AIR_WA_16_PLUS_SECOND_DOSE_COUNT,AIR_WA_16_PLUS_SECOND_DOSE_PCT,AIR_WA_16_PLUS_POPULATION,AIR_TAS_16_PLUS_FIRST_DOSE_COUNT,AIR_TAS_16_PLUS_FIRST_DOSE_PCT,AIR_TAS_16_PLUS_SECOND_DOSE_COUNT,AIR_TAS_16_PLUS_SECOND_DOSE_PCT,AIR_TAS_16_PLUS_POPULATION,AIR_SA_16_PLUS_FIRST_DOSE_COUNT,AIR_SA_16_PLUS_FIRST_DOSE_PCT,AIR_SA_16_PLUS_SECOND_DOSE_COUNT,AIR_SA_16_PLUS_SECOND_DOSE_PCT,AIR_SA_16_PLUS_POPULATION,AIR_ACT_16_PLUS_FIRST_DOSE_COUNT,AIR_ACT_16_PLUS_FIRST_DOSE_PCT,AIR_ACT_16_PLUS_SECOND_DOSE_COUNT,AIR_ACT_16_PLUS_SECOND_DOSE_PCT,AIR_ACT_16_PLUS_POPULATION,AIR_NT_16_PLUS_FIRST_DOSE_COUNT,AIR_NT_16_PLUS_FIRST_DOSE_PCT,AIR_NT_16_PLUS_SECOND_DOSE_COUNT,AIR_NT_16_PLUS_SECOND_DOSE_PCT,AIR_NT_16_PLUS_POPULATION,AIR_NSW_50_PLUS_FIRST_DOSE_COUNT,AIR_NSW_50_PLUS_FIRST_DOSE_PCT,AIR_NSW_50_PLUS_SECOND_DOSE_COUNT,AIR_NSW_50_PLUS_SECOND_DOSE_PCT,AIR_NSW_50_PLUS_POPULATION,AIR_VIC_50_PLUS_FIRST_DOSE_COUNT,AIR_VIC_50_PLUS_FIRST_DOSE_PCT,AIR_VIC_50_PLUS_SECOND_DOSE_COUNT,AIR_VIC_50_PLUS_SECOND_DOSE_PCT,AIR_VIC_50_PLUS_POPULATION,AIR_QLD_50_PLUS_FIRST_DOSE_COUNT,AIR_QLD_50_PLUS_FIRST_DOSE_PCT,AIR_QLD_50_PLUS_SECOND_DOSE_COUNT,AIR_QLD_50_PLUS_SECOND_DOSE_PCT,AIR_QLD_50_PLUS_POPULATION,AIR_WA_50_PLUS_FIRST_DOSE_COUNT,AIR_WA_50_PLUS_FIRST_DOSE_PCT,AIR_WA_50_PLUS_SECOND_DOSE_COUNT,AIR_WA_50_PLUS_SECOND_DOSE_PCT,AIR_WA_50_PLUS_POPULATION,AIR_TAS_50_PLUS_FIRST_DOSE_COUNT,AIR_TAS_50_PLUS_FIRST_DOSE_PCT,AIR_TAS_50_PLUS_SECOND_DOSE_COUNT,AIR_TAS_50_PLUS_SECOND_DOSE_PCT,AIR_TAS_50_PLUS_POPULATION,AIR_SA_50_PLUS_FIRST_DOSE_COUNT,AIR_SA_50_PLUS_FIRST_DOSE_PCT,AIR_SA_50_PLUS_SECOND_DOSE_COUNT,AIR_SA_50_PLUS_SECOND_DOSE_PCT,AIR_SA_50_PLUS_POPULATION,AIR_ACT_50_PLUS_FIRST_DOSE_COUNT,AIR_ACT_50_PLUS_FIRST_DOSE_PCT,AIR_ACT_50_PLUS_SECOND_DOSE_COUNT,AIR_ACT_50_PLUS_SECOND_DOSE_PCT,AIR_ACT_50_PLUS_POPULATION,AIR_NT_50_PLUS_FIRST_DOSE_COUNT,AIR_NT_50_PLUS_FIRST_DOSE_PCT,AIR_NT_50_PLUS_SECOND_DOSE_COUNT,AIR_NT_50_PLUS_SECOND_DOSE_PCT,AIR_NT_50_PLUS_POPULATION,AIR_NSW_70_PLUS_FIRST_DOSE_COUNT,AIR_NSW_70_PLUS_FIRST_DOSE_PCT,AIR_NSW_70_PLUS_SECOND_DOSE_COUNT,AIR_NSW_70_PLUS_SECOND_DOSE_PCT,AIR_NSW_70_PLUS_POPULATION,AIR_VIC_70_PLUS_FIRST_DOSE_COUNT,AIR_VIC_70_PLUS_FIRST_DOSE_PCT,AIR_VIC_70_PLUS_SECOND_DOSE_COUNT,AIR_VIC_70_PLUS_SECOND_DOSE_PCT,AIR_VIC_70_PLUS_POPULATION,AIR_QLD_70_PLUS_FIRST_DOSE_COUNT,AIR_QLD_70_PLUS_FIRST_DOSE_PCT,AIR_QLD_70_PLUS_SECOND_DOSE_COUNT,AIR_QLD_70_PLUS_SECOND_DOSE_PCT,AIR_QLD_70_PLUS_POPULATION,AIR_WA_70_PLUS_FIRST_DOSE_COUNT,AIR_WA_70_PLUS_FIRST_DOSE_PCT,AIR_WA_70_PLUS_SECOND_DOSE_COUNT,AIR_WA_70_PLUS_SECOND_DOSE_PCT,AIR_WA_70_PLUS_POPULATION,AIR_TAS_70_PLUS_FIRST_DOSE_COUNT,AIR_TAS_70_PLUS_FIRST_DOSE_PCT,AIR_TAS_70_PLUS_SECOND_DOSE_COUNT,AIR_TAS_70_PLUS_SECOND_DOSE_PCT,AIR_TAS_70_PLUS_POPULATION,AIR_SA_70_PLUS_FIRST_DOSE_COUNT,AIR_SA_70_PLUS_FIRST_DOSE_PCT,AIR_SA_70_PLUS_SECOND_DOSE_COUNT,AIR_SA_70_PLUS_SECOND_DOSE_PCT,AIR_SA_70_PLUS_POPULATION,AIR_ACT_70_PLUS_FIRST_DOSE_COUNT,AIR_ACT_70_PLUS_FIRST_DOSE_PCT,AIR_ACT_70_PLUS_SECOND_DOSE_COUNT,AIR_ACT_70_PLUS_SECOND_DOSE_PCT,AIR_ACT_70_PLUS_POPULATION,AIR_NT_70_PLUS_FIRST_DOSE_COUNT,AIR_NT_70_PLUS_FIRST_DOSE_PCT,AIR_NT_70_PLUS_SECOND_DOSE_COUNT,AIR_NT_70_PLUS_SECOND_DOSE_PCT,AIR_NT_70_PLUS_POPULATION,AIR_AUS_16_PLUS_FIRST_DOSE_COUNT,AIR_AUS_16_PLUS_FIRST_DOSE_PCT,AIR_AUS_16_PLUS_SECOND_DOSE_COUNT,AIR_AUS_16_PLUS_SECOND_DOSE_PCT,AIR_AUS_16_PLUS_POPULATION,AIR_AUS_50_PLUS_FIRST_DOSE_COUNT,AIR_AUS_50_PLUS_FIRST_DOSE_PCT,AIR_AUS_50_PLUS_SECOND_DOSE_COUNT,AIR_AUS_50_PLUS_SECOND_DOSE_PCT,AIR_AUS_50_PLUS_POPULATION,AIR_AUS_70_PLUS_FIRST_DOSE_COUNT,AIR_AUS_70_PLUS_FIRST_DOSE_PCT,AIR_AUS_70_PLUS_SECOND_DOSE_COUNT,AIR_AUS_70_PLUS_SECOND_DOSE_PCT,AIR_AUS_70_PLUS_POPULATION,VALIDATED,URL
2021-06-30,35527,67.1,20311,38.4,69.2,61.8,112809,71.2,47267,29.8,71.1,71.1,220563,69.8,63714,20.2,68.3,71.7,373771,70.7,83056,15.7,68.7,73.1,550806,71.2,105557,13.6,70,72.4,747474,67.6,133361,12.1,67.4,67.8,708349,56.3,71314,5.7,56.3,56.2,697294,48.5,90756,6.3,49,47.9,598709,38.5,99425,6.4,39.3,37.5,536935,34.3,105062,6.7,35.1,33.4,421978,25.2,201024,12,27,23.3,368593,22.7,168366,10.4,24.3,21.2,215740,11.8,128225,7,13.1,10.4,197592,10.3,119514,6.2,11.3,9.1,177230,9.3,112547,5.9,11.2,7.3,119086,7,71543,4.2,9,4.9,26646,2.2,12392,1,2.6,1.9,,,,,,,,,,,,,,,,,,,,,,,,,,,,,,,,,,,,,,,,,,,,,,,,,,,,,,,,,,,,,,,,,,,,,,,,,,,,,,,,,,,,,,,,,,,,,,,,,,,,,,,,,,,,,,,,,,,,,,,,,,,,,,,,,,,,,,,,Y,https://www.health.gov.au/sites/default/files/documents/2021/07/covid-19-vaccine-rollout-update-1-july-2021.pdf
2021-07-01,35706,67.5,20643,39,69.5,62.1,113516,71.7,48748,30.8,71.6,71.6,222134,70.3,67033,21.2,68.8,72.2,376527,71.3,89607,17,69.2,73.6,555103,71.7,115270,14.9,70.5,73,753887,68.2,145922,13.2,68,68.3,717686,57,76641,6.1,57,57,708349,49.3,95879,6.7,49.8,48.7,606171,39,104088,6.7,39.8,38,544468,34.8,109541,7,35.6,33.9,433347,25.8,212804,12.7,27.7,24,379387,23.4,178935,11,25,21.8,221604,12.1,133035,7.2,13.4,10.7,202537,10.5,124009,6.4,11.6,9.3,181047,9.5,116438,6.1,11.4,7.5,122108,7.1,74331,4.3,9.2,5.1,27711,2.3,13106,1.1,2.7,2,1782220,27.14,534493,8.14,6565651,1825322,33.75,457280,8.46,5407574,1186164,28.84,331806,8.07,4112707,586746,27.74,148268,7.01,2114978,167217,37.99,56124,12.75,440172,449123,31.18,119739,8.31,1440400,135464,39.37,47464,13.8,344037,69325,36.38,31099,16.32,190571,1362359,48.52,281676,10.03,2807793,1318120,59.61,191948,8.68,2211211,900715,51.21,192860,10.97,1758855,457586,51.68,81872,9.25,885370,132745,60.33,33657,15.3,220036,342425,50.78,61596,9.13,674384,86119,67.38,18852,14.75,127802,33688,54.09,11020,17.69,62280,639118,66.39,154112,16.01,962606,543982,71.25,114811,15.04,763519,409344,70.85,107272,18.57,577767,196256,70.02,43709,15.59,280281,58802,76.21,17206,22.3,77155,166023,69.03,36815,15.31,240514,35038,87.71,10078,25.23,39946,8383,67.92,3283,26.6,12343,6201288,30.07,1726030,8.37,20619959,4633547,52.96,873372,9.98,8749703,2056873,70.09,487223,16.6,2934706,Y,https://www.health.gov.au/sites/default/files/documents/2021/07/covid-19-vaccine-rollout-update-2-july-2021.pdf
2021-07-02,35886,67.8,20974,39.6,69.8,62.5,114158,72.1,50057,31.6,72,72,223413,70.7,69948,22.1,69.2,72.6,378715,71.7,95098,18,69.6,74,558571,72.2,123633,16,71,73.4,758860,68.7,156542,14.2,68.5,68.8,725271,57.6,81369,6.5,57.6,57.6,717747,50,100578,7,50.5,49.3,612630,39.4,108386,7,40.3,38.4,551006,35.2,113715,7.3,36.1,34.3,441198,26.3,223562,13.3,28.1,24.4,386761,23.9,188503,11.6,25.4,22.2,225893,12.3,137342,7.5,13.6,10.9,206456,10.7,127809,6.6,11.8,9.5,184420,9.7,119963,6.3,11.6,7.6,124564,7.3,76800,4.5,9.4,5.2,28559,2.4,13715,1.1,2.8,2,1806958,27.52,554057,8.44,6565651,1838894,34.01,482714,8.93,5407574,1202096,29.23,350877,8.53,4112707,594745,28.12,154658,7.31,2114978,168327,38.24,58183,13.22,440172,454369,31.54,125870,8.74,1440400,138624,40.29,49843,14.49,344037,70392,36.94,32064,16.83,190571,1378168,49.08,296143,10.55,2807793,1324795,59.91,201927,9.13,2211211,909800,51.73,204549,11.63,1758855,463223,52.32,86211,9.74,885370,133349,60.6,35093,15.95,220036,345845,51.28,65443,9.7,674384,87104,68.16,19628,15.36,127802,34184,54.89,11429,18.35,62280,644551,66.96,163841,17.02,962606,545899,71.5,120907,15.84,763519,411763,71.27,113417,19.63,577767,197661,70.52,46569,16.62,280281,58993,76.46,18081,23.43,77155,167096,69.47,39574,16.45,240514,35238,88.21,10482,26.24,39946,8477,68.68,3452,27.97,12343,6274108,30.43,1807994,8.77,20619959,4676257,53.44,920300,10.52,8749703,2069603,70.52,516252,17.59,2934706,Y,https://www.health.gov.au/sites/default/files/documents/2021/07/covid-19-vaccine-rollout-update-3-july-2021.pdf
2021-07-03,35979,68,21139,40,70,62.7,114463,72.3,50750,32,72.1,72.2,223996,70.8,71491,22.6,69.4,72.7,379649,71.8,97912,18.5,69.8,74.2,559930,72.4,127695,16.5,71.2,73.6,760904,68.9,161585,14.6,68.6,69,728255,57.9,83677,6.7,57.8,57.8,721924,50.3,102980,7.2,50.7,49.6,617411,39.7,110593,7.1,40.6,38.7,556223,35.6,116038,7.4,36.4,34.6,447280,26.7,231268,13.8,28.5,24.7,392778,24.2,195722,12.1,25.8,22.6,229171,12.5,140023,7.6,13.8,11.1,209393,10.9,130147,6.8,11.9,9.7,186753,9.8,122136,6.4,11.7,7.7,126346,7.4,78248,4.6,9.5,5.3,29154,2.4,14066,1.2,2.8,2.1,1828450,27.85,564930,8.6,6565651,1845016,34.12,498229,9.21,5407574,1210978,29.44,363682,8.84,4112707,599721,28.36,158085,7.47,2114978,168863,38.36,59520,13.52,440172,457157,31.74,128817,8.94,1440400,139124,40.44,50219,14.6,344037,70602,37.05,32264,16.93,190571,1387599,49.42,302456,10.77,2807793,1327519,60.04,207056,9.36,2211211,914182,51.98,211161,12.01,1758855,466534,52.69,88481,9.99,885370,133860,60.84,36388,16.54,220036,347505,51.53,66892,9.92,674384,87460,68.43,19989,15.64,127802,34290,55.06,11561,18.56,62280,646717,67.18,167701,17.42,962606,546673,71.6,124198,16.27,763519,412817,71.45,116559,20.17,577767,198216,70.72,48254,17.22,280281,59247,76.79,19063,24.71,77155,167470,69.63,40604,16.88,240514,35359,88.52,10751,26.91,39946,8498,68.85,3513,28.46,12343,6319609,30.65,1855470,9,20619959,4698734,53.7,943860,10.79,8749703,2074921,70.7,530572,18.08,2934706,Y,https://www.health.gov.au/sites/default/files/documents/2021/07/covid-19-vaccine-rollout-update-4-july-2021.pdf
2021-07-04,36030,68.1,21211,40.1,70.1,62.8,114566,72.3,50994,32.2,72.2,72.3,224212,70.9,72062,22.8,69.5,72.8,379959,71.9,99062,18.7,69.9,74.2,560468,72.4,129198,16.7,71.2,73.6,761502,68.9,163350,14.8,68.7,69,729299,58,84431,6.7,57.9,57.9,723407,50.4,103796,7.2,50.8,49.7,621028,39.9,111375,7.2,40.8,38.9,560209,35.8,117030,7.5,36.7,34.8,451472,26.9,236031,14.1,28.8,25,396928,24.5,200019,12.3,26.1,22.8,231657,12.6,141328,7.7,13.9,11.2,211755,11,131299,6.8,12.1,9.8,188500,9.9,123053,6.5,11.9,7.8,127551,7.4,78910,4.6,9.6,5.3,29517,2.5,14193,1.2,2.9,2.1,1840850,28.04,567316,8.64,6565651,1848794,34.19,507228,9.38,5407574,1215478,29.55,369481,8.98,4112707,604457,28.58,160146,7.57,2114978,168918,38.38,59760,13.58,440172,459581,31.91,130566,9.06,1440400,139541,40.56,50816,14.77,344037,70746,37.12,32308,16.95,190571,1392670,49.6,304327,10.84,2807793,1328823,60.09,209131,9.46,2211211,915996,52.08,213785,12.15,1758855,468750,52.94,89324,10.09,885370,133920,60.86,36632,16.65,220036,348792,51.72,67394,9.99,674384,87622,68.56,20474,16.02,127802,34325,55.11,11567,18.57,62280,647484,67.26,168975,17.55,962606,546995,71.64,125580,16.45,763519,413170,71.51,117753,20.38,577767,198369,70.78,48890,17.44,280281,59275,76.83,19253,24.95,77155,167629,69.7,40919,17.01,240514,35390,88.59,11065,27.7,39946,8502,68.88,3514,28.47,12343,6348060,30.79,1877342,9.1,20619959,4710680,53.84,952509,10.89,8749703,2076737,70.76,535877,18.26,2934706,Y,https://www.health.gov.au/sites/default/files/documents/2021/07/covid-19-vaccine-rollout-update-5-july-2021.pdf
2021-07-05,36167,68.4,21463,40.6,70.4,63.1,115060,72.6,52150,32.9,72.5,72.6,225353,71.3,74992,23.7,69.8,73.2,381843,72.3,104617,19.8,70.2,74.6,563496,72.8,137546,17.8,71.6,74,765955,69.3,173904,15.7,69.1,69.4,735953,58.5,88589,7,58.4,58.4,731698,50.9,107607,7.5,51.4,50.3,627859,40.4,114585,7.4,41.3,39.3,567175,36.3,119981,7.7,37.2,35.2,459672,27.4,244085,14.6,29.3,25.4,404833,25,207319,12.8,26.6,23.3,235325,12.8,143772,7.8,14.1,11.4,215113,11.2,133456,6.9,12.3,10,191206,10,125005,6.6,12,7.9,129558,7.6,80292,4.7,9.7,5.4,30225,2.5,14576,1.2,2.9,2.1,1868111,28.45,586674,8.94,6565651,1861460,34.42,528070,9.77,5407574,1224212,29.77,379607,9.23,4112707,610991,28.89,165426,7.82,2114978,171894,39.05,62548,14.21,440172,464744,32.26,135215,9.39,1440400,143625,41.75,53654,15.6,344037,71768,37.66,33031,17.33,190571,1408144,50.15,318755,11.35,2807793,1335787,60.41,219123,9.91,2211211,922582,52.45,221842,12.61,1758855,473122,53.44,93641,10.58,885370,135275,61.48,38494,17.49,220036,352037,52.2,70466,10.45,674384,89184,69.78,21349,16.7,127802,34650,55.64,11894,19.1,62280,651944,67.73,178712,18.57,962606,549052,71.91,132417,17.34,763519,415288,71.88,123079,21.3,577767,199419,71.15,51802,18.48,280281,59525,77.15,20434,26.48,77155,168581,70.09,43059,17.9,240514,35597,89.11,11586,29,39946,8547,69.25,3657,29.63,12343,6416491,31.12,1943939,9.43,20619959,4750559,54.29,995434,11.38,8749703,2087874,71.14,564672,19.24,2934706,Y,https://www.health.gov.au/sites/default/files/documents/2021/07/covid-19-vaccine-rollout-update-6-july-2021.pdf
2021-07-06,36323,68.6,21795,41.2,70.6,63.4,115655,73,53572,33.8,72.9,73,226683,71.7,78175,24.7,70.2,73.6,384175,72.7,111065,21,70.7,75,566908,73.3,147057,19,72.1,74.5,771036,69.8,185851,16.8,69.6,69.9,743378,59.1,93553,7.4,59,59,740476,51.5,111912,7.8,52,50.9,635576,40.9,118425,7.6,41.8,39.8,574996,36.8,123477,7.9,37.7,35.7,469383,28,254298,15.2,29.9,26,414369,25.6,216528,13.4,27.2,23.9,240087,13.1,147100,8,14.4,11.7,219321,11.4,136283,7.1,12.5,10.2,194666,10.2,127491,6.7,12.2,8.1,132187,7.7,82024,4.8,9.9,5.6,31017,2.6,15032,1.3,3,2.2,1900389,28.94,609108,9.28,6565651,1877762,34.72,554313,10.25,5407574,1237991,30.1,397278,9.66,4112707,620112,29.32,170876,8.08,2114978,172474,39.18,63420,14.41,440172,470581,32.67,140508,9.75,1440400,144453,41.99,54496,15.84,344037,72797,38.2,33936,17.81,190571,1426353,50.8,334844,11.93,2807793,1343882,60.78,230174,10.41,2211211,931634,52.97,234148,13.31,1758855,477282,53.91,98153,11.09,885370,135794,61.71,39325,17.87,220036,355691,52.74,73980,10.97,674384,89754,70.23,22091,17.29,127802,35042,56.27,12303,19.75,62280,657544,68.31,189715,19.71,962606,551267,72.2,139697,18.3,763519,417962,72.34,130606,22.61,577767,200401,71.5,55031,19.63,280281,59728,77.41,21024,27.25,77155,169578,70.51,45566,18.95,240514,35763,89.53,12105,30.3,39946,8616,69.8,3850,31.19,12343,6496236,31.5,2023638,9.81,20619959,4795206,54.8,1044882,11.94,8749703,2100780,71.58,597515,20.36,2934706,Y,https://www.health.gov.au/sites/default/files/documents/2021/07/covid-19-vaccine-rollout-update-7-july-2021.pdf
2021-07-07,36487,69,22161,41.9,70.9,63.8,116208,73.4,55115,34.8,73.2,73.4,227975,72.1,81649,25.8,70.6,74,386338,73.1,117521,22.2,71.1,75.4,570260,73.7,156593,20.2,72.5,74.9,775947,70.2,197954,17.9,70,70.3,750281,59.6,98602,7.8,59.6,59.6,748520,52.1,116708,8.1,52.6,51.5,643165,41.3,122323,7.9,42.3,40.2,582425,37.2,127156,8.1,38.2,36.1,478097,28.5,261940,15.6,30.5,26.5,422320,26.1,223490,13.8,27.7,24.4,244618,13.3,150053,8.2,14.7,11.9,223396,11.6,138949,7.2,12.7,10.4,197736,10.4,129706,6.8,12.4,8.3,134673,7.9,83732,4.9,10.1,5.7,31877,2.7,15517,1.3,3.1,2.3,1928105,29.37,629961,9.59,6565651,1889341,34.94,573622,10.61,5407574,1253723,30.48,417238,10.15,4112707,628863,29.73,176557,8.35,2114978,173041,39.31,64255,14.6,440172,475949,33.04,147131,10.21,1440400,147570,42.89,55752,16.21,344037,74057,38.86,34959,18.34,190571,1443154,51.4,350595,12.49,2807793,1350085,61.06,241352,10.91,2211211,941472,53.53,247803,14.09,1758855,481296,54.36,102338,11.56,885370,136235,61.91,40134,18.24,220036,358923,53.22,78263,11.61,674384,91157,71.33,22742,17.79,127802,35513,57.02,12693,20.38,62280,662869,68.86,200261,20.8,962606,553094,72.44,147447,19.31,763519,421126,72.89,138721,24.01,577767,201294,71.82,57927,20.67,280281,59827,77.54,21651,28.06,77155,170454,70.87,48521,20.17,240514,35946,89.99,12501,31.29,39946,8685,70.36,4044,32.76,12343,6570323,31.86,2099169,10.18,20619959,4837606,55.29,1095782,12.52,8749703,2113215,72.01,630993,21.5,2934706,Y,https://www.health.gov.au/sites/default/files/documents/2021/07/covid-19-vaccine-rollout-update-8-july-2021.pdf
2021-07-08,36651,69.3,22506,42.5,71.2,64.1,116797,73.7,56686,35.8,73.6,73.8,229352,72.5,85253,27,71.1,74.5,388593,73.5,124482,23.6,71.5,75.8,573621,74.1,166841,21.6,73,75.3,781072,70.7,210756,19.1,70.5,70.8,757448,60.2,104077,8.3,60.1,60.2,757075,52.7,121301,8.4,53.2,52.1,650645,41.8,126479,8.1,42.8,40.7,589750,37.7,130809,8.4,38.7,36.5,486500,29,270642,16.1,31,27,430282,26.6,231575,14.3,28.2,24.8,249402,13.6,153294,8.4,14.9,12.2,227519,11.8,141815,7.4,12.9,10.6,200968,10.5,132034,6.9,12.6,8.4,137507,8,85598,5,10.3,5.8,32805,2.7,16082,1.3,3.2,2.3,1958700,29.83,651446,9.92,6565651,1902380,35.18,596746,11.04,5407574,1268998,30.86,437988,10.65,4112707,637295,30.13,182456,8.63,2114978,173769,39.48,65660,14.92,440172,481491,33.43,153431,10.65,1440400,148365,43.12,56751,16.5,344037,75332,39.53,36066,18.93,190571,1460941,52.03,366928,13.07,2807793,1357117,61.37,253554,11.47,2211211,950433,54.04,261813,14.89,1758855,485680,54.86,106367,12.01,885370,136885,62.21,41457,18.84,220036,362640,53.77,82378,12.22,674384,91607,71.68,23639,18.5,127802,35940,57.71,13197,21.19,62280,668269,69.42,211544,21.98,962606,555201,72.72,155831,20.41,763519,423745,73.34,147039,25.45,577767,202381,72.21,60761,21.68,280281,60114,77.91,22605,29.3,77155,171638,71.36,51374,21.36,240514,36083,90.33,13172,32.97,39946,8739,70.8,4279,34.67,12343,6645987,32.23,2180230,10.57,20619959,4881004,55.78,1149190,13.13,8749703,2126086,72.45,666524,22.71,2934706,Y,https://www.health.gov.au/sites/default/files/documents/2021/07/covid-19-vaccine-rollout-update-9-july-2021.pdf
2021-07-09,36789,69.5,22827,43.1,71.5,64.3,117230,74,57940,36.6,73.8,74,230357,72.9,88151,27.9,71.4,74.8,390439,73.9,130012,24.6,71.9,76.2,576345,74.5,174799,22.6,73.3,75.7,785011,71,220893,20,70.9,71.1,763555,60.7,108748,8.6,60.6,60.7,764802,53.2,125837,8.8,53.7,52.6,658508,42.3,130799,8.4,43.4,41.2,597825,38.2,134920,8.6,39.3,37,494874,29.5,279771,16.7,31.5,27.4,438262,27,239889,14.8,28.7,25.3,253518,13.8,156579,8.5,15.2,12.4,231249,12,144689,7.5,13.1,10.8,204198,10.7,134509,7.1,12.7,8.6,140060,8.2,87322,5.1,10.5,5.9,33731,2.8,16587,1.4,3.3,2.4,1987064,30.26,671858,10.23,6565651,1914430,35.4,618399,11.44,5407574,1282737,31.19,455681,11.08,4112707,645611,30.53,187378,8.86,2114978,174267,39.59,66500,15.11,440172,485639,33.72,159279,11.06,1440400,150940,43.87,58429,16.98,344037,76418,40.1,37074,19.45,190571,1476910,52.6,381402,13.58,2807793,1363255,61.65,264762,11.97,2211211,958257,54.48,272891,15.52,1758855,490917,55.45,109846,12.41,885370,137241,62.37,42241,19.2,220036,365157,54.15,85955,12.75,674384,92994,72.76,24306,19.02,127802,36376,58.41,13673,21.95,62280,672627,69.88,220774,22.94,962606,556706,72.91,162855,21.33,763519,425964,73.73,153099,26.5,577767,203322,72.54,63064,22.5,280281,60231,78.06,23172,30.03,77155,172329,71.65,53706,22.33,240514,36277,90.82,13565,33.96,39946,8800,71.3,4469,36.21,12343,6716753,32.57,2254272,10.93,20619959,4920861,56.24,1194926,13.66,8749703,2136171,72.79,694622,23.67,2934706,Y,https://www.health.gov.au/sites/default/files/documents/2021/07/covid-19-vaccine-rollout-update-10-july-2021.pdf
2021-07-10,36896,69.7,22988,43.4,71.7,64.6,117482,74.2,58538,36.9,74,74.2,230870,73,89771,28.4,71.6,74.9,391288,74,133043,25.2,72.1,76.3,577544,74.6,179210,23.2,73.5,75.8,786634,71.2,226492,20.5,71,71.3,766107,60.9,111466,8.9,60.8,60.8,768338,53.5,128651,9,54,52.9,664168,42.7,133815,8.6,43.7,41.5,603915,38.6,137872,8.8,39.7,37.4,501564,29.9,286557,17.1,31.9,27.8,444905,27.5,246373,15.2,29.2,25.7,257581,14,159315,8.7,15.4,12.6,234849,12.2,147105,7.6,13.3,10.9,207103,10.9,136599,7.2,12.9,8.7,142371,8.3,88677,5.2,10.7,6,34546,2.9,17041,1.4,3.4,2.4,2008345,30.59,683667,10.41,6565651,1921080,35.53,630774,11.66,5407574,1290745,31.38,467536,11.37,4112707,650759,30.77,191117,9.04,2114978,178928,40.65,71700,16.29,440172,488230,33.9,162764,11.3,1440400,151602,44.07,58931,17.13,344037,76833,40.32,37358,19.6,190571,1486136,52.93,388494,13.84,2807793,1366189,61.78,270595,12.24,2211211,961762,54.68,278912,15.86,1758855,493573,55.75,112392,12.69,885370,139478,63.39,45470,20.66,220036,366561,54.35,87509,12.98,674384,93308,73.01,24780,19.39,127802,36487,58.59,13849,22.24,62280,674583,70.08,224969,23.37,962606,557288,72.99,166458,21.8,763519,426787,73.87,155762,26.96,577767,203741,72.69,64875,23.15,280281,60634,78.59,25080,32.51,77155,172604,71.76,54555,22.68,240514,36349,91,13887,34.76,39946,8814,71.41,4539,36.77,12343,6766161,32.81,2303513,11.17,20619959,4943242,56.5,1221846,13.96,8749703,2140714,72.94,710042,24.19,2934706,Y,https://www.health.gov.au/sites/default/files/documents/2021/07/covid-19-vaccine-rollout-update-11-july-2021.pdf
2021-07-11,36950,69.8,23045,43.6,71.8,64.7,117601,74.2,58771,37.1,74.1,74.3,231082,73.1,90218,28.5,71.6,75,391578,74.1,133917,25.3,72.1,76.4,578067,74.7,180615,23.3,73.5,75.9,787236,71.2,228213,20.7,71.1,71.3,767097,61,112400,8.9,60.9,60.9,769708,53.6,129626,9,54.1,53,667746,42.9,135151,8.7,44,41.8,608111,38.9,139449,8.9,40,37.6,505892,30.2,290623,17.3,32.2,28.1,449680,27.8,250232,15.4,29.5,26,260572,14.2,160695,8.8,15.6,12.7,237673,12.4,148300,7.7,13.5,11.1,209292,11,137519,7.2,13.1,8.8,144205,8.4,89372,5.2,10.8,6.1,35208,2.9,17240,1.4,3.4,2.5,2023678,30.82,686408,10.45,6565651,1926277,35.62,638454,11.81,5407574,1295455,31.5,473868,11.52,4112707,654322,30.94,192945,9.12,2114978,179499,40.78,72150,16.39,440172,489895,34.01,165105,11.46,1440400,151868,44.14,59392,17.26,344037,77072,40.44,37399,19.62,190571,1491805,53.13,390304,13.9,2807793,1368369,61.88,273166,12.35,2211211,963519,54.78,281896,16.03,1758855,494735,55.88,113044,12.77,885370,139705,63.49,45878,20.85,220036,367366,54.47,88235,13.08,674384,93399,73.08,25177,19.7,127802,36534,58.66,13860,22.25,62280,675361,70.16,225984,23.48,962606,557615,73.03,167902,21.99,763519,427117,73.93,157010,27.18,577767,203868,72.74,65172,23.25,280281,60743,78.73,25355,32.86,77155,172704,71.81,54769,22.77,240514,36373,91.06,14130,35.37,39946,8819,71.45,4540,36.78,12343,6797698,32.97,2325386,11.28,20619959,4955176,56.63,1231405,14.07,8749703,2142514,73.01,714779,24.36,2934706,Y,https://www.health.gov.au/sites/default/files/documents/2021/07/covid-19-vaccine-rollout-update-12-july-2021.pdf
2021-07-12,37093,70.1,23354,44.1,72,65,118051,74.5,59990,37.9,74.3,74.6,232116,73.4,93193,29.5,71.9,75.3,393377,74.4,139535,26.4,72.5,76.7,580727,75.1,189289,24.5,73.9,76.2,791093,71.6,239475,21.7,71.4,71.7,772704,61.4,118083,9.4,61.3,61.4,776804,54.1,134742,9.4,54.6,53.5,675889,43.4,140046,9,44.5,42.3,616142,39.4,143793,9.2,40.6,38.1,514623,30.7,299278,17.8,32.7,28.6,458063,28.3,258270,15.9,30,26.5,265227,14.5,163230,8.9,15.8,13,241813,12.6,150512,7.8,13.7,11.3,212394,11.1,139252,7.3,13.2,8.9,146564,8.6,90727,5.3,11,6.2,36074,3,17663,1.5,3.5,2.5,2053904,31.28,710714,10.82,6565651,1942143,35.92,660399,12.21,5407574,1303942,31.71,485285,11.8,4112707,660228,31.22,199052,9.41,2114978,181794,41.3,74120,16.84,440172,494231,34.31,170613,11.84,1440400,155119,45.09,62082,18.05,344037,77772,40.81,38507,20.21,190571,1508052,53.71,408586,14.55,2807793,1376185,62.24,284653,12.87,2211211,969215,55.1,291252,16.56,1758855,498103,56.26,117767,13.3,885370,140679,63.93,47123,21.42,220036,370072,54.88,91682,13.59,674384,95158,74.46,26174,20.48,127802,36795,59.08,14421,23.16,62280,679814,70.62,236602,24.58,962606,559430,73.27,175055,22.93,763519,428840,74.22,162924,28.2,577767,204616,73,68023,24.27,280281,60946,78.99,26078,33.8,77155,173465,72.12,56791,23.61,240514,36558,91.52,14709,36.82,39946,8875,71.9,4737,38.38,12343,6868754,33.31,2400432,11.64,20619959,4993996,57.08,1281500,14.65,8749703,2152457,73.34,744836,25.38,2934706,Y,https://www.health.gov.au/sites/default/files/documents/2021/07/covid-19-vaccine-rollout-update-13-july-2021.pdf
2021-07-13,37251,70.4,23651,44.7,72.3,65.4,118598,74.9,61402,38.8,74.7,75,233272,73.8,96727,30.6,72.3,75.7,395360,74.8,146334,27.7,72.8,77.1,583867,75.5,199853,25.8,74.3,76.6,795733,72,253394,22.9,71.8,72.1,779153,61.9,125238,10,61.8,61.9,784697,54.6,140712,9.8,55.1,54,684274,44,146298,9.4,45.1,42.8,624625,39.9,149412,9.5,41.1,38.6,524640,31.3,307601,18.3,33.3,29.2,467835,28.9,266021,16.4,30.6,27.1,270694,14.8,166519,9.1,16.1,13.3,246709,12.8,153322,8,14,11.5,216234,11.3,141444,7.4,13.5,9.1,149710,8.7,92258,5.4,11.2,6.3,37131,3.1,18112,1.5,3.6,2.6,2091118,31.85,741075,11.29,6565651,1956686,36.18,681030,12.59,5407574,1317023,32.02,503562,12.24,4112707,667449,31.56,207054,9.79,2114978,183367,41.66,75898,17.24,440172,499018,34.64,176598,12.26,1440400,156854,45.59,63580,18.48,344037,78662,41.28,39852,20.91,190571,1527674,54.41,432241,15.39,2807793,1383521,62.57,297217,13.44,2211211,976962,55.55,304238,17.3,1758855,501353,56.63,123080,13.9,885370,141287,64.21,48437,22.01,220036,373016,55.31,95813,14.21,674384,96159,75.24,27059,21.17,127802,37132,59.62,15103,24.25,62280,685512,71.21,250667,26.04,962606,561181,73.5,182870,23.95,763519,431081,74.61,170432,29.5,577767,205351,73.27,71128,25.38,280281,61145,79.25,26921,34.89,77155,174225,72.44,59187,24.61,240514,36737,91.97,15278,38.25,39946,8938,72.41,4964,40.22,12343,6949783,33.7,2488298,12.07,20619959,5036830,57.57,1343021,15.35,8749703,2164081,73.74,781361,26.62,2934706,Y,https://www.health.gov.au/sites/default/files/documents/2021/07/covid-19-vaccine-rollout-update-14-july-2021.pdf
2021-07-14,37387,70.7,23967,45.3,72.5,65.6,119148,75.2,62992,39.8,75,75.4,234481,74.2,100320,31.7,72.7,76.1,397312,75.2,153378,29,73.2,77.5,586923,75.9,210304,27.2,74.7,77,800275,72.4,267221,24.2,72.2,72.5,785225,62.4,132443,10.5,62.3,62.4,792528,55.2,147098,10.2,55.6,54.6,692810,44.5,152796,9.8,45.6,43.3,633325,40.5,155200,9.9,41.7,39.1,534450,31.9,316275,18.9,33.9,29.7,477362,29.5,274013,16.9,31.2,27.6,276169,15,169858,9.3,16.4,13.6,251520,13.1,156195,8.1,14.2,11.8,220086,11.5,143662,7.5,13.7,9.3,152687,8.9,93843,5.5,11.4,6.5,38248,3.2,18587,1.6,3.7,2.7,2122154,32.32,769552,11.72,6565651,1973043,36.49,703352,13.01,5407574,1332097,32.39,523333,12.72,4112707,674911,31.91,214796,10.16,2114978,185150,42.06,77905,17.7,440172,504640,35.03,183279,12.72,1440400,158406,46.04,64995,18.89,344037,79938,41.95,41300,21.67,190571,1544984,55.02,455252,16.21,2807793,1391568,62.93,310684,14.05,2211211,985273,56.02,317743,18.07,1758855,504632,57,128108,14.47,885370,142187,64.62,49884,22.67,220036,376508,55.83,100645,14.92,674384,97015,75.91,27856,21.8,127802,37527,60.26,15716,25.23,62280,690730,71.76,263966,27.42,962606,563024,73.74,191407,25.07,763519,433407,75.01,178141,30.83,577767,206056,73.52,74105,26.44,280281,61362,79.53,27788,36.02,77155,175177,72.83,61988,25.77,240514,36869,92.3,15733,39.39,39946,8992,72.85,5140,41.64,12343,7029936,34.09,2578152,12.5,20619959,5079414,58.05,1405719,16.07,8749703,2175526,74.13,818182,27.88,2934706,Y,https://www.health.gov.au/sites/default/files/documents/2021/07/covid-19-vaccine-rollout-update-15-july-2021.pdf
2021-07-15,37523,70.9,24278,45.9,72.8,65.9,119720,75.6,64497,40.7,75.3,75.7,235701,74.5,103957,32.9,73.1,76.5,399420,75.6,160508,30.4,73.6,77.8,590111,76.3,221122,28.6,75.1,77.4,805003,72.9,281215,25.4,72.7,72.9,791893,62.9,140364,11.2,62.8,62.9,800624,55.7,153956,10.7,56.2,55.1,701165,45.1,159805,10.3,46.2,43.8,641916,41,161563,10.3,42.3,39.6,543843,32.4,323883,19.3,34.5,30.3,486327,30,281230,17.4,31.8,28.1,281872,15.4,173316,9.4,16.8,13.9,256306,13.3,159220,8.3,14.5,12,223822,11.7,146001,7.7,13.9,9.5,155613,9.1,95562,5.6,11.6,6.6,39325,3.3,19094,1.6,3.9,2.7,2154674,32.82,801520,12.21,6565651,1989378,36.79,724373,13.4,5407574,1347403,32.76,544039,13.23,4112707,682198,32.26,221981,10.5,2114978,187105,42.51,79325,18.02,440172,509361,35.36,189823,13.18,1440400,159263,46.29,65961,19.17,344037,81216,42.62,42923,22.52,190571,1563121,55.67,480233,17.1,2807793,1399702,63.3,324432,14.67,2211211,994354,56.53,332304,18.89,1758855,507918,57.37,133024,15.02,885370,143242,65.1,50970,23.16,220036,379525,56.28,105364,15.62,674384,97506,76.29,28668,22.43,127802,37995,61.01,16449,26.41,62280,696004,72.3,277620,28.84,962606,564965,73.99,199768,26.16,763519,436009,75.46,186399,32.26,577767,206811,73.79,77314,27.58,280281,61731,80.01,28490,36.93,77155,176018,73.18,64477,26.81,240514,36968,92.54,16207,40.57,39946,9066,73.45,5394,43.7,12343,7110184,34.48,2669571,12.95,20619959,5123076,58.55,1471265,16.82,8749703,2187478,74.54,855577,29.15,2934706,Y,https://www.health.gov.au/sites/default/files/documents/2021/07/covid-19-vaccine-rollout-update-16-july-2021.pdf
2021-07-16,37683,71.2,24556,46.4,73.1,66.2,120255,75.9,65669,41.5,75.7,76.1,236740,74.9,106894,33.8,73.4,76.8,401100,75.9,166151,31.4,73.9,78.1,592849,76.6,229804,29.7,75.5,77.8,808890,73.2,292653,26.5,73,73.2,797803,63.4,147740,11.7,63.3,63.4,808243,56.3,160582,11.2,56.7,55.7,710162,45.7,167043,10.7,46.8,44.4,651152,41.6,167906,10.7,42.9,40.2,553602,33,332049,19.8,35.1,30.8,495928,30.6,288949,17.8,32.4,28.7,287238,15.7,176362,9.6,17.1,14.1,261058,13.6,161915,8.4,14.8,12.2,227554,11.9,148094,7.8,14.1,9.6,158737,9.3,97122,5.7,11.8,6.7,40372,3.4,19630,1.6,4,2.8,2185364,33.28,830856,12.65,6565651,2007760,37.13,745336,13.78,5407574,1360893,33.09,561139,13.64,4112707,689934,32.62,227700,10.77,2114978,188587,42.84,81062,18.42,440172,514140,35.69,196098,13.61,1440400,160939,46.78,67331,19.57,344037,82174,43.12,43989,23.08,190571,1580244,56.28,502650,17.9,2807793,1408318,63.69,337478,15.26,2211211,1001682,56.95,343444,19.53,1758855,511898,57.82,137370,15.52,885370,143917,65.41,52116,23.69,220036,382337,56.69,109736,16.27,674384,98380,76.98,29458,23.05,127802,38396,61.65,16936,27.19,62280,700849,72.81,289085,30.03,962606,566635,74.21,206928,27.1,763519,437802,75.77,191811,33.2,577767,207524,74.04,79990,28.54,280281,61879,80.2,29086,37.7,77155,176710,73.47,66722,27.74,240514,37090,92.85,16664,41.72,39946,9122,73.9,5540,44.88,12343,7189366,34.87,2753119,13.35,20619959,5164877,59.03,1528998,17.47,8749703,2197517,74.88,885727,30.18,2934706,Y,https://www.health.gov.au/sites/default/files/documents/2021/07/covid-19-vaccine-rollout-update-17-july-2021.pdf
2021-07-17,37795,71.4,24684,46.7,73.3,66.4,120619,76.1,66254,41.8,75.9,76.3,237295,75,108393,34.3,73.6,77,401953,76.1,168963,32,74.1,78.3,593971,76.8,233924,30.2,75.6,77.9,810548,73.4,297964,27,73.2,73.4,800349,63.6,151007,12,63.5,63.6,811880,56.5,163826,11.4,57,55.9,716182,46,171334,11,47.2,44.8,657926,42.1,171999,11,43.4,40.6,561033,33.5,337851,20.1,35.6,31.2,503493,31.1,294651,18.2,32.9,29.1,291840,15.9,178711,9.7,17.3,14.4,265120,13.8,163944,8.5,15,12.4,230830,12.1,149727,7.9,14.3,9.8,161341,9.4,98234,5.7,12,6.8,41359,3.5,19999,1.7,4.1,2.9,2207784,33.63,846261,12.89,6565651,2021125,37.38,757033,14,5407574,1369852,33.31,573150,13.94,4112707,694666,32.85,232051,10.97,2114978,189047,42.95,81899,18.61,440172,517362,35.92,199125,13.82,1440400,161497,46.94,68133,19.8,344037,82629,43.36,44216,23.2,190571,1590125,56.63,512965,18.27,2807793,1413590,63.93,343921,15.55,2211211,1005813,57.19,350006,19.9,1758855,513935,58.05,140248,15.84,885370,144225,65.55,52910,24.05,220036,383909,56.93,111282,16.5,674384,98692,77.22,30122,23.57,127802,38526,61.86,17088,27.44,62280,703118,73.04,294172,30.56,962606,567401,74.31,210509,27.57,763519,438684,75.93,194573,33.68,577767,207845,74.16,81701,29.15,280281,61971,80.32,29569,38.32,77155,176950,73.57,67134,27.91,240514,37170,93.05,17021,42.61,39946,9137,74.03,5602,45.39,12343,7243534,35.13,2801465,13.59,20619959,5188518,59.3,1558348,17.81,8749703,2202181,75.04,900182,30.67,2934706,Y,https://www.health.gov.au/sites/default/files/documents/2021/07/covid-19-vaccine-rollout-update-18-july-2021.pdf
2021-07-18,37844,71.5,24733,46.7,73.4,66.5,120717,76.2,66389,41.9,76,76.4,237495,75.1,108717,34.4,73.6,77,402243,76.1,169617,32.1,74.2,78.4,594526,76.8,235005,30.4,75.7,78,811106,73.4,299335,27.1,73.2,73.5,801231,63.7,152021,12.1,63.6,63.7,813158,56.6,165011,11.5,57.1,56,719792,46.3,174030,11.2,47.4,45,662253,42.3,175091,11.2,43.7,40.8,566220,33.8,342192,20.4,35.9,31.5,508434,31.4,298866,18.4,33.3,29.4,294566,16.1,180647,9.8,17.5,14.5,267538,13.9,165716,8.6,15.1,12.5,232685,12.2,151059,7.9,14.4,9.8,162751,9.5,99114,5.8,12.1,6.9,41909,3.5,20312,1.7,4.1,2.9,2217295,33.77,854625,13.02,6565651,2030739,37.55,763682,14.12,5407574,1373963,33.41,578917,14.08,4112707,699146,33.06,234916,11.11,2114978,189280,43,82021,18.63,440172,519908,36.09,201555,13.99,1440400,161807,47.03,68264,19.84,344037,82762,43.43,44279,23.23,190571,1594263,56.78,517508,18.43,2807793,1417068,64.09,346343,15.66,2211211,1007392,57.28,352370,20.03,1758855,515178,58.19,141151,15.94,885370,144325,65.59,53017,24.09,220036,385082,57.1,112487,16.68,674384,98802,77.31,30170,23.61,127802,38554,61.9,17097,27.45,62280,703899,73.12,295537,30.7,962606,567783,74.36,211596,27.71,763519,438973,75.98,195316,33.81,577767,207992,74.21,81862,29.21,280281,61993,80.35,29643,38.42,77155,177061,73.62,67315,27.99,240514,37184,93.09,17022,42.61,39946,9141,74.06,5604,45.4,12343,7274468,35.28,2827855,13.71,20619959,5200365,59.43,1569949,17.94,8749703,2203931,75.1,903796,30.8,2934706,Y,https://www.health.gov.au/sites/default/files/documents/2021/07/covid-19-vaccine-rollout-update-19-july-2021.pdf
2021-07-19,37983,71.8,24963,47.2,73.6,66.8,121213,76.5,67371,42.5,76.3,76.7,238546,75.4,111256,35.2,74,77.4,404073,76.5,174533,33,74.5,78.7,597336,77.2,242702,31.4,76.1,78.3,815019,73.8,309225,28,73.6,73.8,807043,64.1,158645,12.6,64,64.1,820729,57.1,171001,11.9,57.6,56.5,729791,46.9,180869,11.6,48.1,45.6,673089,43,181555,11.6,44.4,41.5,577769,34.5,350641,20.9,36.6,32.2,519438,32.1,306885,18.9,34,30.1,300846,16.4,183491,10,17.8,14.9,273249,14.2,168384,8.8,15.4,12.8,237466,12.5,153158,8,14.7,10.1,166380,9.7,100795,5.9,12.4,7.1,43119,3.6,20867,1.7,4.2,3,2250087,34.27,882844,13.45,6565651,2052295,37.95,784330,14.5,5407574,1383625,33.64,587289,14.28,4112707,706325,33.4,241560,11.42,2114978,192402,43.71,84930,19.29,440172,524902,36.44,206339,14.33,1440400,170650,49.6,74460,21.64,344037,83255,43.69,45051,23.64,190571,1611740,57.4,539389,19.21,2807793,1427237,64.55,358475,16.21,2211211,1013579,57.63,359027,20.41,1758855,518995,58.62,146027,16.49,885370,145531,66.14,54683,24.85,220036,388034,57.54,115635,17.15,674384,101184,79.17,31572,24.7,127802,38835,62.36,17515,28.12,62280,708530,73.61,306335,31.82,962606,569751,74.62,218148,28.57,763519,440644,76.27,199101,34.46,577767,208822,74.5,84038,29.98,280281,62199,80.62,30510,39.54,77155,177763,73.91,68681,28.56,240514,37375,93.56,17612,44.09,39946,9183,74.4,5725,46.38,12343,7363089,35.71,2906341,14.09,20619959,5244822,59.94,1622120,18.54,8749703,2214170,75.45,930050,31.69,2934706,Y,https://www.health.gov.au/sites/default/files/documents/2021/07/covid-19-vaccine-rollout-update-20-july-2021.pdf
2021-07-20,38146,72.1,25237,47.7,74,67.1,121742,76.8,68600,43.3,76.6,77.1,239675,75.8,114378,36.2,74.3,77.7,406054,76.8,180724,34.2,74.9,79.1,600262,77.6,252165,32.6,76.5,78.7,819236,74.1,321478,29.1,74,74.2,813125,64.6,166316,13.2,64.5,64.6,828369,57.7,177634,12.4,58.1,57.1,739350,47.5,188959,12.1,48.7,46.2,683125,43.7,188908,12.1,45.1,42.1,588864,35.1,359110,21.4,37.3,32.8,530171,32.7,314484,19.4,34.7,30.7,306791,16.7,186582,10.2,18.2,15.2,278304,14.5,170945,8.9,15.7,13.1,241541,12.7,155141,8.1,14.9,10.3,169636,9.9,102212,6,12.6,7.2,44227,3.7,21345,1.8,4.3,3.1,2283863,34.79,912940,13.9,6565651,2073360,38.34,806196,14.91,5407574,1396550,33.96,604283,14.69,4112707,713205,33.72,250342,11.84,2114978,194303,44.14,86660,19.69,440172,531369,36.89,212151,14.73,1440400,172313,50.09,75941,22.07,344037,84117,44.14,46183,24.23,190571,1629773,58.04,562037,20.02,2807793,1436899,64.98,372574,16.85,2211211,1021315,58.07,371716,21.13,1758855,522180,58.98,152124,17.18,885370,146490,66.58,55967,25.44,220036,391602,58.07,119740,17.76,674384,101992,79.8,32385,25.34,127802,39156,62.87,18070,29.01,62280,713320,74.1,317889,33.02,962606,571813,74.89,226076,29.61,763519,442733,76.63,205829,35.62,577767,209624,74.79,86806,30.97,280281,62436,80.92,31235,40.48,77155,178550,74.24,70864,29.46,240514,37506,93.89,18086,45.28,39946,9231,74.79,5902,47.82,12343,7448618,36.12,2994218,14.52,20619959,5289084,60.45,1684399,19.25,8749703,2225115,75.82,962582,32.8,2934706,Y,https://www.health.gov.au/sites/default/files/documents/2021/07/covid-19-vaccine-rollout-update-21-july-2021.pdf
2021-07-21,38315,72.4,25517,48.2,74.3,67.5,122287,77.2,69899,44.1,76.9,77.4,240825,76.2,117684,37.2,74.7,78.1,407998,77.2,186912,35.4,75.3,79.4,603276,78,261960,33.9,76.9,79,823735,74.5,334151,30.2,74.4,74.6,819548,65.1,174618,13.9,65,65.1,836635,58.2,184721,12.9,58.7,57.6,750223,48.2,197449,12.7,49.5,46.9,694673,44.4,197065,12.6,45.9,42.8,601388,35.9,367948,21.9,38.1,33.6,542795,33.5,323106,19.9,35.5,31.5,314343,17.1,190440,10.4,18.6,15.6,285218,14.8,174250,9.1,16.1,13.4,247044,13,157757,8.3,15.2,10.5,174051,10.2,104117,6.1,12.9,7.4,45757,3.8,22050,1.8,4.5,3.2,2327237,35.45,948667,14.45,6565651,2094522,38.73,826760,15.29,5407574,1412146,34.34,622279,15.13,4112707,721622,34.12,259541,12.27,2114978,195987,44.53,88949,20.21,440172,538363,37.38,219624,15.25,1440400,173121,50.32,76715,22.3,344037,85585,44.91,47598,24.98,190571,1650454,58.78,586026,20.87,2807793,1447044,65.44,386674,17.49,2211211,1029628,58.54,384585,21.87,1758855,525885,59.4,158348,17.88,885370,147234,66.91,57673,26.21,220036,395616,58.66,125206,18.57,674384,102387,80.11,33060,25.87,127802,39599,63.58,18624,29.9,62280,718196,74.61,329103,34.19,962606,574077,75.19,234393,30.7,763519,444801,76.99,212640,36.8,577767,210477,75.09,89661,31.99,280281,62603,81.14,32080,41.58,77155,179529,74.64,73795,30.68,240514,37585,94.09,18507,46.33,39946,9272,75.12,6050,49.02,12343,7548111,36.61,3089644,14.98,20619959,5337515,61,1749976,20,8749703,2236436,76.21,996123,33.94,2934706,Y,https://www.health.gov.au/sites/default/files/documents/2021/07/covid-19-vaccine-rollout-update-22-july-2021.pdf
2021-07-22,38487,72.7,25820,48.8,74.6,67.9,122854,77.5,71283,45,77.3,77.8,242068,76.6,121071,38.3,75.1,78.5,410127,77.6,193366,36.6,75.7,79.8,606282,78.4,271900,35.1,77.3,79.4,828212,75,347279,31.4,74.8,75,825967,65.6,183236,14.6,65.5,65.6,845012,58.8,191974,13.4,59.3,58.2,760808,48.9,205814,13.2,50.2,47.5,705933,45.1,204968,13.1,46.6,43.5,613312,36.6,375955,22.4,38.8,34.2,554561,34.2,330420,20.4,36.2,32.2,321236,17.5,194074,10.6,19,15.9,291302,15.1,177230,9.2,16.4,13.7,251748,13.2,160106,8.4,15.5,10.7,177998,10.4,105787,6.2,13.2,7.6,47077,3.9,22635,1.9,4.6,3.3,2365634,36.03,982170,14.96,6565651,2113611,39.09,847974,15.68,5407574,1427333,34.71,640202,15.57,4112707,730014,34.52,268002,12.67,2114978,198346,45.06,90571,20.58,440172,545652,37.88,226395,15.72,1440400,176051,51.17,79250,23.04,344037,86829,45.56,48862,25.64,190571,1670609,59.5,610448,21.74,2807793,1456499,65.87,402181,18.19,2211211,1037798,59,397494,22.6,1758855,529518,59.81,164234,18.55,885370,148418,67.45,58949,26.79,220036,399652,59.26,130155,19.3,674384,103602,81.06,34413,26.93,127802,39996,64.22,19069,30.62,62280,723221,75.13,340845,35.41,962606,576434,75.5,243413,31.88,763519,446699,77.31,219531,38,577767,211302,75.39,92656,33.06,280281,62891,81.51,32809,42.52,77155,180548,75.07,76451,31.79,240514,37719,94.42,18963,47.47,39946,9322,75.52,6166,49.96,12343,7642984,37.07,3182918,15.44,20619959,5385750,61.55,1816711,20.76,8749703,2248030,76.6,1030719,35.12,2934706,Y,https://www.health.gov.au/sites/default/files/documents/2021/07/covid-19-vaccine-rollout-update-23-july-2021.pdf
2021-07-23,38639,73,26070,49.3,74.9,68.1,123369,77.9,72399,45.7,77.6,78.1,243149,76.9,123881,39.2,75.4,78.8,411871,77.9,198630,37.6,76,80.1,608920,78.7,280029,36.2,77.6,79.8,832181,75.3,358064,32.4,75.2,75.3,831901,66.1,190922,15.2,66,66.1,853027,59.4,199101,13.9,59.8,58.8,771544,49.6,214522,13.8,50.9,48.2,717644,45.9,213063,13.6,47.4,44.2,625479,37.3,384619,22.9,39.6,34.9,566718,35,338728,20.9,37,32.8,328846,17.9,197623,10.8,19.4,16.3,297539,15.5,180363,9.4,16.7,14,257086,13.5,162526,8.5,15.8,11,182345,10.6,107656,6.3,13.5,7.8,48533,4.1,23251,1.9,4.8,3.4,2405646,36.64,1012939,15.43,6565651,2137375,39.53,871704,16.12,5407574,1442080,35.06,657252,15.98,4112707,737835,34.89,275533,13.03,2114978,200514,45.55,92327,20.98,440172,552011,38.32,232729,16.16,1440400,176674,51.35,80144,23.3,344037,87156,45.73,49336,25.89,190571,1690372,60.2,631981,22.51,2807793,1466952,66.34,416548,18.84,2211211,1045262,59.43,409204,23.27,1758855,533437,60.25,169804,19.18,885370,149260,67.83,60275,27.39,220036,403235,59.79,134646,19.97,674384,103968,81.35,35168,27.52,127802,40109,64.4,19289,30.97,62280,727873,75.61,350661,36.43,962606,578414,75.76,250087,32.75,763519,448363,77.6,225130,38.97,577767,212013,75.64,95470,34.06,280281,63076,81.75,33516,43.44,77155,181323,75.39,78698,32.72,240514,37825,94.69,19395,48.55,39946,9352,75.77,6230,50.47,12343,7738791,37.53,3271447,15.87,20619959,5432245,62.08,1876681,21.45,8749703,2258129,76.95,1059073,36.09,2934706,Y,https://www.health.gov.au/sites/default/files/documents/2021/07/covid-19-vaccine-rollout-update-24-july-2021.pdf
2021-07-24,38709,73.2,26197,49.5,75,68.2,123590,78,72846,46,77.7,78.2,243656,77.1,125072,39.6,75.6,79,412632,78.1,200852,38,76.2,80.3,610110,78.9,283477,36.6,77.7,79.9,833852,75.5,362479,32.8,75.3,75.5,834497,66.3,194267,15.4,66.2,66.3,856724,59.6,202736,14.1,60.1,59.1,778701,50.1,220144,14.2,51.3,48.6,725949,46.4,218859,14,48,44.7,634965,37.9,391700,23.4,40.2,35.5,576298,35.6,345762,21.3,37.7,33.4,334307,18.2,200867,10.9,19.8,16.6,302238,15.7,183233,9.5,17,14.2,260992,13.7,164985,8.7,16.1,11.1,185486,10.8,109392,6.4,13.8,7.9,49811,4.2,23823,2,4.9,3.5,2432672,37.05,1034280,15.75,6565651,2153811,39.83,886208,16.39,5407574,1451030,35.28,667000,16.22,4112707,743369,35.15,280151,13.25,2114978,201105,45.69,93061,21.14,440172,556070,38.61,236133,16.39,1440400,177252,51.52,80691,23.45,344037,87712,46.03,49689,26.07,190571,1701293,60.59,643050,22.9,2807793,1473468,66.64,424310,19.19,2211211,1049151,59.65,414147,23.55,1758855,535526,60.49,172891,19.53,885370,149731,68.05,60963,27.71,220036,405073,60.07,136585,20.25,674384,104201,81.53,35652,27.9,127802,40330,64.76,19568,31.42,62280,729750,75.81,354535,36.83,962606,579326,75.88,253193,33.16,763519,449171,77.74,226914,39.27,577767,212300,75.75,97192,34.68,280281,63287,82.03,33869,43.9,77155,181573,75.49,79322,32.98,240514,37873,94.81,19667,49.23,39946,9380,75.99,6345,51.41,12343,7802517,37.84,3326691,16.13,20619959,5458420,62.38,1906929,21.79,8749703,2262549,77.1,1070923,36.49,2934706,Y,https://www.health.gov.au/sites/default/files/documents/2021/07/covid-19-vaccine-rollout-update-25-july-2021.pdf