DATE_AS_AT,TOTALS_NATIONAL_TOTAL,TOTALS_NATIONAL_LAST_24HR,TOTALS_CWTH_ALL_TOTAL,TOTALS_CWTH_ALL_LAST_24HR,TOTALS_CWTH_PRIMARY_CARE_TOTAL,TOTALS_CWTH_PRIMARY_CARE_LAST_24HR,TOTALS_CWTH_AGED_CARE_TOTAL,TOTALS_CWTH_AGED_CARE_LAST_24HR,STATE_CLINICS_VIC_TOTAL,STATE_CLINICS_VIC_LAST_24HR,STATE_CLINICS_QLD_TOTAL,STATE_CLINICS_QLD_LAST_24HR,STATE_CLINICS_WA_TOTAL,STATE_CLINICS_WA_LAST_24HR,STATE_CLINICS_TAS_TOTAL,STATE_CLINICS_TAS_LAST_24HR,STATE_CLINICS_SA_TOTAL,STATE_CLINICS_SA_LAST_24HR,STATE_CLINICS_ACT_TOTAL,STATE_CLINICS_ACT_LAST_24HR,STATE_CLINICS_NT_TOTAL,STATE_CLINICS_NT_LAST_24HR,STATE_CLINICS_NSW_TOTAL,STATE_CLINICS_NSW_LAST_24HR,CWTH_AGED_CARE_VIC_TOTAL,CWTH_AGED_CARE_VIC_LAST_24HR,CWTH_AGED_CARE_QLD_TOTAL,CWTH_AGED_CARE_QLD_LAST_24HR,CWTH_AGED_CARE_WA_TOTAL,CWTH_AGED_CARE_WA_LAST_24HR,CWTH_AGED_CARE_TAS_TOTAL,CWTH_AGED_CARE_TAS_LAST_24HR,CWTH_AGED_CARE_SA_TOTAL,CWTH_AGED_CARE_SA_LAST_24HR,CWTH_AGED_CARE_ACT_TOTAL,CWTH_AGED_CARE_ACT_LAST_24HR,CWTH_AGED_CARE_NT_TOTAL,CWTH_AGED_CARE_NT_LAST_24HR,CWTH_AGED_CARE_NSW_TOTAL,CWTH_AGED_CARE_NSW_LAST_24HR,CWTH_PRIMARY_CARE_VIC_TOTAL,CWTH_PRIMARY_CARE_VIC_LAST_24HR,CWTH_PRIMARY_CARE_QLD_TOTAL,CWTH_PRIMARY_CARE_QLD_LAST_24HR,CWTH_PRIMARY_CARE_WA_TOTAL,CWTH_PRIMARY_CARE_WA_LAST_24HR,CWTH_PRIMARY_CARE_TAS_TOTAL,CWTH_PRIMARY_CARE_TAS_LAST_24HR,CWTH_PRIMARY_CARE_SA_TOTAL,CWTH_PRIMARY_CARE_SA_LAST_24HR,CWTH_PRIMARY_CARE_ACT_TOTAL,CWTH_PRIMARY_CARE_ACT_LAST_24HR,CWTH_PRIMARY_CARE_NT_TOTAL,CWTH_PRIMARY_CARE_NT_LAST_24HR,CWTH_PRIMARY_CARE_NSW_TOTAL,CWTH_PRIMARY_CARE_NSW_LAST_24HR,CWTH_AGED_CARE_DOSES_FIRST_DOSE,CWTH_AGED_CARE_DOSES_SECOND_DOSE,CWTH_AGED_CARE_FACILITIES_FIRST_DOSE,CWTH_AGED_CARE_FACILITIES_SECOND_DOSE,APPROX_VIC_SECOND_DOSE_TOTAL,APPROX_QLD_SECOND_DOSE_TOTAL,APPROX_WA_SECOND_DOSE_TOTAL,APPROX_TAS_SECOND_DOSE_TOTAL,APPROX_SA_SECOND_DOSE_TOTAL,APPROX_ACT_SECOND_DOSE_TOTAL,APPROX_NT_SECOND_DOSE_TOTAL,APPROX_NSW_SECOND_DOSE_TOTAL,VALIDATED,URL
2021-04-08,1077511,81297,541342,54999,408290,47207,133052,7792,137320,,105283,,64767,,21475,,34707,,15823,,10070,,146724,,26989,1401,31776,2374,15465,584,5282,196,11868,447,5087,0,1294,34,35291,2756,96741,10424,85825,10534,33299,4120,13439,1161,33922,3533,8139,666,2753,346,134172,16423,90622,42430,1052,475,,,,,,,,,Y,https://www.health.gov.au/sites/default/files/documents/2021/04/covid-19-vaccine-rollout-update-9-april-2021.pdf
2021-04-09,1138866,61355,583911,42569,445224,36934,138687,5635,142130,4810,108721,3438,66559,1792,22887,1412,36473,1766,16497,674,10563,493,151125,4401,27793,804,33424,1648,15619,154,5520,238,12364,496,5186,99,1303,9,37478,2187,104383,7642,93589,7764,36495,3196,14581,1142,37743,3821,8666,527,3100,347,146667,12495,93774,44913,1094,511,,,,,,,,,Y,https://www.health.gov.au/sites/default/files/documents/2021/04/covid-19-vaccine-rollout-update-10-april-2021.pdf
2021-04-10,1166075,27209,607507,23596,465440,20216,142067,3380,143417,1287,108721,0,66865,306,23572,685,36916,443,16979,482,10563,0,151535,410,28050,257,34440,1016,15839,220,5520,0,12449,85,5186,0,1303,0,39280,1802,110247,5864,97341,3752,39014,2519,15794,1213,39224,1481,9186,520,3134,34,151500,4833,95292,46775,1116,529,,,,,,,,,Y,https://www.health.gov.au/sites/default/files/documents/2021/04/covid-19-vaccine-rollout-update-11-april-2021_0.pdf
2021-04-11,1178302,12227,616568,9061,473578,8138,142990,923,144320,903,109314,593,67146,281,23727,155,37656,740,17458,479,10578,15,151535,0,28050,0,34856,416,15839,0,5520,0,12449,0,5186,0,1303,0,39787,507,112872,2625,99084,1743,39787,773,16308,514,39657,433,9729,543,3145,11,152996,1496,95770,47220,1121,533,,,,,,,,,Y,https://www.health.gov.au/sites/default/files/documents/2021/04/covid-19-vaccine-rollout-update-12-april-2021_1.pdf
2021-04-12,1234681,56379,656809,40241,508478,34900,148331,5341,147798,3478,112419,3105,68895,1749,24614,887,39206,1550,18059,601,10987,409,155894,4359,29038,988,36618,1762,16525,686,5574,54,12730,281,5279,93,1303,0,41264,1477,121500,8628,105703,6619,43171,3384,17180,872,42368,2711,10419,690,3389,244,164748,11752,98929,49402,1152,555,,,,,,,,,Y,https://www.health.gov.au/sites/default/files/documents/2021/04/covid-19-vaccine-rollout-update-13-april-2021.pdf
2021-04-13,1295672,60991,700332,43523,547512,39034,152820,4489,152363,4565,115025,2606,70584,1689,25832,1218,40728,1522,18644,585,11527,540,160637,4743,29914,876,36923,305,16932,407,5930,356,13052,322,5328,49,1303,0,43438,2174,130441,8941,114155,8452,46484,3313,17919,739,45257,2889,10996,577,3648,259,178612,13864,101461,51359,1181,586,,,,,,,,,Y,https://www.health.gov.au/sites/default/files/documents/2021/04/covid-19-vaccine-rollout-update-14-april-2021.pdf
2021-04-14,1359305,63633,747972,47640,589280,41768,158692,5872,155928,3565,117763,2738,72263,1679,26728,896,42601,1873,19236,592,11959,432,164855,4218,31517,1603,38108,1185,17494,562,6032,102,13436,384,5366,38,1303,0,45436,1998,139854,9413,123245,9090,49929,3445,18694,775,49083,3826,11693,697,3935,287,192847,14235,105433,53259,1227,617,,,,,,,,,Y,https://www.health.gov.au/sites/default/files/documents/2021/04/covid-19-vaccine-rollout-update-15-april-2021.pdf
2021-04-15,1420577,61272,793937,45965,629289,40009,164648,5956,158498,2570,120458,2695,74046,1783,28047,1319,44150,1549,19813,577,12344,385,169284,4429,32800,1283,39607,1499,18032,538,6127,95,13811,375,5366,0,1303,0,47602,2166,150183,10329,131901,8656,53132,3203,19911,1217,52144,3061,12259,566,4165,230,205594,12747,108503,56145,1261,659,,,,,,,,,Y,https://www.health.gov.au/sites/default/files/documents/2021/04/covid-19-vaccine-rollout-update-16-april-2021.pdf
2021-04-16,1474558,53981,833192,39255,662478,33189,170714,6066,162108,3610,122865,2407,75858,1812,28630,583,45485,1335,20365,552,12753,409,173302,4018,33924,1124,40726,1119,18722,690,6211,84,14188,377,5403,37,1303,0,50237,2635,158458,8275,138532,6631,55736,2604,20814,903,54859,2715,12718,459,4504,339,216857,11263,111900,58814,1300,699,,,,,,,,,Y,https://www.health.gov.au/sites/default/files/documents/2021/04/covid-19-vaccine-rollout-update-17-april-2021.pdf
2021-04-17,1496608,22050,852776,19584,680425,17947,172351,1637,162553,445,122865,0,76082,224,28721,91,46154,669,20852,487,12753,0,173852,550,33924,0,41249,523,18722,0,6211,0,14188,0,5403,0,1303,0,51351,1114,163296,4838,141289,2757,58134,2398,21833,1019,55926,1067,13360,642,4551,47,222036,5179,112648,59703,1311,710,,,,,,,,,Y,https://www.health.gov.au/sites/default/files/documents/2021/04/covid-19-vaccine-rollout-update-18-april-2021_0.pdf
2021-04-18,1586252,9084,939626,6290,766741,5756,172885,534,164045,1492,122865,0,76244,162,28933,212,46591,437,21332,480,12764,11,173852,0,33924,0,41249,0,18722,0,6211,0,14188,0,5403,0,1303,0,51885,534,180581,1777,176136,995,69033,619,21656,160,58323,331,13248,224,4677,15,243087,1635,112982,59903,1315,713,,,,,,,,,Y,https://www.health.gov.au/sites/default/files/documents/2021/04/covid-19-vaccine-rollout-update-19-april-2021.pdf
2021-04-19,1653286,67034,990382,50756,812862,46121,177520,4635,168250,4205,126011,3146,78215,1971,29417,484,48115,1524,22056,724,13107,343,177733,3881,35348,1424,42231,982,19265,543,6307,96,14457,269,5403,0,1303,0,53206,1321,191657,11076,185685,9549,73741,4708,22982,1326,61808,3485,14257,1009,4914,237,257818,14731,115293,62227,1341,749,,,,,,,,,Y,https://www.health.gov.au/sites/default/files/documents/2021/04/covid-19-vaccine-rollout-update-20-april-2021.pdf
2021-04-20,1718107,64821,1039147,48765,855609,42747,183538,6018,172308,4058,128555,2544,80662,2447,30573,1156,49349,1234,22619,563,13459,352,181435,3702,36421,1073,43585,1354,19785,520,6291,0,14793,336,5403,0,1303,0,55957,2751,201600,9943,194952,9267,77544,3803,23956,974,65077,3269,15157,900,5216,302,272107,14289,118012,65526,1371,783,,,,,,,,,Y,https://www.health.gov.au/sites/default/files/documents/2021/04/covid-19-vaccine-rollout-update-21-april-2021.pdf
2021-04-21,1785698,67591,1089775,50628,900454,44845,189321,5783,176827,4519,131128,2573,83172,2510,31396,823,50674,1325,23122,503,13984,525,185620,4185,37725,1304,45013,1428,20055,270,6559,268,15100,307,5403,0,1303,0,58163,2206,212714,11114,204561,9609,81205,3661,25049,1093,68408,3331,15869,712,5540,324,287108,15001,120439,68882,1401,817,,,,,,,,,Y,https://www.health.gov.au/sites/default/files/documents/2021/04/covid-19-vaccine-rollout-update-22-april-2021_0.pdf
2021-04-22,1855601,69903,1142073,52298,947504,47050,194569,5248,182426,5599,133853,2725,85369,2197,32698,1302,52129,1455,23624,502,14617,633,188812,3192,38662,937,46571,1558,20346,291,6634,75,15382,282,5403,0,1303,0,60268,2105,225363,12649,216252,11691,84895,3690,25973,924,71523,3115,16415,546,5821,281,301262,14154,123081,71488,1436,846,,,,,,,,,Y,https://www.health.gov.au/sites/default/files/documents/2021/04/covid-19-vaccine-rollout-update-23-april-2021_0.pdf
2021-04-23,1914047,58446,1187143,45070,987066,39562,200077,5508,185535,3109,136196,2343,87645,2276,33305,607,53146,1017,24290,666,15042,425,191745,2933,39538,876,48462,1891,20779,433,6634,0,15610,228,5403,0,1303,0,62348,2080,234773,9410,224906,8654,88755,3860,26782,809,74622,3099,17094,679,6046,225,314088,12826,126800,73277,1482,870,,,,,,,,,Y,https://www.health.gov.au/sites/default/files/documents/2021/04/covid-19-vaccine-rollout-update-24-april-2021.pdf
2021-04-24,1933892,19845,1202530,15387,1000682,13616,201848,1771,187743,2208,136196,0,87961,316,33633,328,53620,474,24831,541,15042,0,192336,591,39538,0,49116,654,20779,0,6634,0,15610,0,5403,0,1303,0,63465,1117,238941,4168,227428,2522,90483,1728,27195,413,75024,402,17467,373,6053,7,318091,4003,127818,74030,1492,878,,,,,,,,,Y,https://www.health.gov.au/sites/default/files/documents/2021/05/covid-19-vaccine-rollout-update-25-april-2021.pdf
2021-04-25,1937300,3408,1204268,1738,1002420,1738,201848,0,188259,516,136196,0,88361,400,33633,0,53871,251,25334,503,15042,0,192336,0,39538,0,49116,0,20779,0,6634,0,15610,0,5403,0,1303,0,63465,0,239534,593,227745,317,90601,118,27346,151,75058,34,17467,0,6053,0,318616,525,127818,74030,1492,878,,,,,,,,,Y,https://www.health.gov.au/sites/default/files/documents/2021/04/covid-19-vaccine-rollout-update-26-april-2021_0.pdf
2021-04-26,1969337,32037,1226431,22163,1021228,18808,205203,3355,191644,3385,137087,891,89571,1210,34295,662,54273,402,25979,645,15050,8,195007,2671,40550,1012,49693,577,20938,159,6868,234,15896,286,5403,0,1303,0,64552,1087,246991,7457,227996,251,90869,268,28023,677,75314,256,17473,6,6071,18,328491,9875,131173,74030,1514,878,,,,,,,,,Y,https://www.health.gov.au/sites/default/files/documents/2021/04/covid-19-vaccine-rollout-update-27-april-2021_0.pdf
2021-04-27,2029544,60207,1268574,42143,1057804,36576,210770,5567,198228,6584,139489,2402,91957,2386,35316,1021,55478,1205,26584,605,15426,376,198492,3485,41843,1293,51225,1532,21160,222,7000,132,16124,228,5440,37,1303,0,66675,2123,256309,9318,236458,8462,94299,3430,28724,701,78038,2724,18134,661,6199,128,339643,11152,134495,76275,1554,910,,,,,,,,,Y,https://www.health.gov.au/sites/default/files/documents/2021/04/covid-19-vaccine-rollout-update-28-april-2021.pdf
2021-04-28,2112285,82741,1335918,67344,1117118,59314,218800,8030,202506,4278,141866,2377,93964,2007,36173,857,56642,1164,27219,635,15777,351,202220,3728,43121,1278,54208,2983,21822,662,7291,291,16313,189,5479,39,1313,10,69253,2578,271242,14933,247991,11533,100598,6299,30133,1409,82523,4485,19364,1230,6522,323,358745,19102,137985,80815,1590,960,,,,,,,,,Y,https://www.health.gov.au/sites/default/files/documents/2021/04/covid-19-vaccine-rollout-update-29-april-2021.pdf
2021-04-29,2179544,67259,1386487,50569,1159553,42435,226934,8134,206798,4292,144228,2362,96508,2544,37126,953,57964,1322,27853,634,16260,483,206320,4100,44374,1253,56834,2626,22180,358,7488,197,16742,429,5488,9,1317,4,72511,3258,282502,11260,257363,9372,105001,4403,30869,736,86092,3569,19912,548,6747,225,371067,12322,140983,85951,1625,1021,,,,,,,,,Y,https://www.health.gov.au/sites/default/files/documents/2021/04/covid-19-vaccine-rollout-update-30-april-2021.pdf
2021-04-30,2234844,55300,1425925,39438,1193568,34015,232357,5423,210242,3444,146497,2269,98895,2387,38100,974,59442,1478,28547,694,16820,560,210376,4056,45455,1081,58351,1517,22523,343,7602,114,17098,356,5488,0,1317,0,74523,2012,290480,7978,264552,7189,108811,3810,31251,382,88832,2740,20354,442,6944,197,382344,11277,143166,89191,1652,1065,,,,,,,,,Y,https://www.health.gov.au/sites/default/files/documents/2021/05/covid-19-vaccine-rollout-update-1-may-2021.pdf
2021-05-01,2254074,19230,1440616,14691,1206760,13192,233856,1499,211522,1280,146737,240,99870,975,38405,305,60139,697,28943,396,16820,0,211022,646,45539,84,58972,621,22523,0,7602,0,17098,0,5488,0,1317,0,75317,794,294080,3600,266920,2368,110647,1836,31745,494,89713,881,20668,314,6964,20,386023,3679,143625,90231,1655,1082,,,,,,,,,Y,https://www.health.gov.au/sites/default/files/documents/2021/05/covid-19-vaccine-rollout-update-2-may-2021.pdf
2021-05-02,2260615,6541,1444906,4290,1210449,3689,234457,601,212357,835,146737,0,100388,518,38543,138,60515,376,29327,384,16820,0,211022,0,45539,0,59257,285,22523,0,7602,0,17098,0,5488,0,1317,0,75633,316,295526,1446,267528,608,111401,754,31826,81,89863,150,20668,0,7014,50,386623,600,143721,90736,1656,1088,,,,,,,,,Y,https://www.health.gov.au/sites/default/files/documents/2021/05/covid-19-vaccine-rollout-update-3-may-2021.pdf
2021-05-03,2316969,56354,1483399,38493,1245117,34668,238282,3825,220133,7776,147216,479,102554,2166,39736,1193,62094,1579,30011,684,16820,0,215006,3984,47071,1532,59305,48,23100,577,7656,54,17447,349,5507,19,1317,0,76879,1246,305373,9847,269049,1521,116860,5459,33260,1434,92867,3004,21717,1049,6740,0,399251,12628,145282,93000,1678,1118,,,,,,,,,Y,https://www.health.gov.au/sites/default/files/documents/2021/05/covid-19-vaccine-rollout-update-4-may-2021_1.pdf
2021-05-04,2396314,79345,1538213,54814,1294713,49596,243500,5218,230404,10271,149885,2669,105415,2861,40885,1149,63790,1696,30733,722,17395,575,219594,4588,48709,1638,59879,574,23430,330,7812,156,17852,405,5558,51,1317,0,78943,2064,317331,11958,280763,11714,121870,5010,34208,948,96342,3475,22542,825,6924,184,414733,15482,147333,96167,1804,1176,,,,,,,,,Y,https://www.health.gov.au/sites/default/files/documents/2021/05/covid-19-vaccine-rollout-update-5-may-2021.pdf
2021-05-05,2473529,77215,1593330,55117,1344345,49632,248985,5485,239468,9064,152111,2226,107834,2419,41664,779,65453,1663,31544,811,18049,654,224076,4482,49930,1221,60777,898,23907,477,7812,0,18315,463,5608,50,1317,0,81319,2376,329583,12252,292671,11908,127194,5324,34796,588,100017,3675,23095,553,7231,307,429758,15025,149391,99594,1833,1222,,,,,,,,,Y,https://www.health.gov.au/sites/default/files/documents/2021/05/covid-19-vaccine-rollout-update-6-may-2021.pdf
2021-05-06,2554531,81002,1650181,56851,1395549,51204,254632,5647,249405,9937,154403,2292,110273,2439,42374,710,67198,1745,32337,793,18869,820,229491,5415,51851,1921,62029,1252,24306,399,7902,90,18699,384,5651,43,1322,5,82872,1553,342289,12706,304925,12254,132830,5636,35840,1044,103568,3551,23722,627,7514,283,444861,15103,151552,103080,1869,1270,,,,,,,,,Y,https://www.health.gov.au/sites/default/files/documents/2021/05/covid-19-vaccine-rollout-update-7-may-2021.pdf
2021-05-07,2627725,73194,1701427,51246,1440811,45262,260616,5984,257475,8070,156847,2444,112605,2332,43155,781,68846,1648,33240,903,19405,536,234725,5234,53048,1197,63296,1267,24829,523,7998,96,19096,397,5665,14,1322,0,85362,2490,351550,9261,316044,11119,137586,4756,37250,1410,107408,3840,24441,719,7807,293,458725,13864,154105,106511,1906,1314,,,,,,,,,Y,https://www.health.gov.au/sites/default/files/documents/2021/05/covid-19-vaccine-rollout-update-8-may-2021.pdf
2021-05-08,2654338,26613,1720114,18687,1458316,17505,261798,1182,261152,3677,157164,317,113624,1019,43620,465,69780,934,33627,387,19405,0,235852,1127,53047,-1,63416,120,24829,0,7998,0,19096,0,5665,0,1322,0,86425,1063,355830,4280,318888,2844,140237,2651,38081,831,108315,907,25175,734,7913,106,463877,5152,154351,107447,1908,1326,,,,,,,,,Y,https://www.health.gov.au/sites/default/files/documents/2021/05/covid-19-vaccine-rollout-update-9-may-2021.pdf
2021-05-09,2663221,8883,1725283,5169,1463187,4871,262096,298,263065,1913,157164,0,114506,882,43727,107,70310,530,33873,246,19441,36,235852,0,53047,0,63436,20,24829,0,7998,0,19096,0,5665,0,1322,0,86703,278,357130,1300,320660,1772,140774,537,38081,0,108405,90,25505,330,7913,0,464719,842,154371,107725,1909,1330,,,,,,,,,Y,https://www.health.gov.au/sites/default/files/documents/2021/05/covid-19-vaccine-rollout-update-10-may-2021.pdf
2021-05-10,2736107,72886,1772257,46974,1505137,41950,267120,5024,273220,10155,159795,2631,116975,2469,44804,1077,72110,1800,34757,884,20040,599,242149,6297,54549,1502,64500,1064,25416,587,8142,144,19394,298,5665,0,1322,0,88132,1429,367517,10387,329284,8624,145633,4859,38818,737,111074,2669,26528,1023,8313,400,477970,13251,157194,109926,1942,1359,,,,,,,,,Y,https://www.health.gov.au/sites/default/files/documents/2021/05/covid-19-vaccine-rollout-update-11-may-2021.pdf
2021-05-11,2812486,76379,1824940,52683,1550941,45804,273999,6879,281501,8281,162239,2444,119871,2896,45948,1144,73389,1279,35501,744,20456,416,248641,6492,56470,1921,65359,859,25852,436,8335,193,20203,809,5728,63,1538,216,90514,2382,377084,9567,340336,11052,150061,4428,39589,771,114235,3161,27000,472,8696,383,493940,15970,161233,112766,1994,1397,,,,,,,,,Y,https://www.health.gov.au/sites/default/files/documents/2021/05/covid-19-vaccine-rollout-update-12-may-2021.pdf
2021-05-12,2894770,82284,1881509,56569,1601523,50582,279986,5987,290864,9363,164695,2456,122069,2198,46838,890,75237,1848,36283,782,21082,626,256193,7552,58490,2020,66013,654,26038,186,8478,143,20728,525,5744,16,1553,15,92942,2428,389094,12010,351669,11333,155177,5116,40447,858,118345,4110,27634,634,9046,350,510111,16171,164359,115627,2046,1432,,,,,,,,,Y,https://www.health.gov.au/sites/default/files/documents/2021/05/covid-19-vaccine-rollout-update-13-may-2021.pdf
2021-05-13,2978265,83495,1938916,57407,1651124,49601,287792,7806,299397,8533,167119,2424,124985,2916,47921,1083,76788,1551,37039,756,21965,883,264135,7942,60639,2149,66500,487,26488,450,8674,196,21207,479,5804,60,1553,0,96927,3985,400307,11213,362589,10920,160179,5002,41537,1090,122153,3808,28333,699,9936,890,526090,15979,169559,118233,2122,1473,,,,,,,,,Y,https://www.health.gov.au/sites/default/files/documents/2021/05/covid-19-vaccine-rollout-update-14-may-2021_0.pdf
2021-05-14,3056797,78532,1987713,48797,1692901,41777,294812,7020,308219,8822,169966,2847,127835,2850,49154,1233,78505,1717,37984,945,22670,705,274751,10616,62195,1556,67172,672,27045,557,8831,157,22051,844,5835,31,1630,77,100053,3126,409883,9576,372323,9734,164556,4377,42381,844,125746,3593,28876,543,10308,372,538828,12738,172526,122286,2161,1526,,,,,,,,,Y,https://www.health.gov.au/sites/default/files/documents/2021/05/covid-19-vaccine-rollout-update-15-may-2021_0.pdf
2021-05-15,3089183,32386,2007641,19928,1711305,18404,296336,1524,311317,3098,170330,364,129293,1458,49626,472,79522,1017,38409,425,22910,240,280135,5384,62273,78,67172,0,27045,0,8831,0,22051,0,5835,0,1630,0,101499,1446,414374,4491,375038,2715,167226,2670,43133,752,126862,1116,29736,860,10328,20,544608,5780,172636,123700,2163,1538,,,,,,,,,Y,https://www.health.gov.au/sites/default/files/documents/2021/05/covid-19-vaccine-rollout-update-16-may-2021.pdf
2021-05-16,3100137,10954,2014079,6438,1717743,6438,296336,0,313539,2222,170330,0,130649,1356,49739,113,80017,495,38696,287,22953,43,280135,0,62273,0,67172,0,27045,0,8831,0,22051,0,5835,0,1630,0,101499,0,416522,2148,376329,1291,168039,813,43471,338,127066,204,30099,363,10387,59,545830,1222,172636,123700,2163,1538,,,,,,,,,Y,https://www.health.gov.au/sites/default/files/documents/2021/05/covid-19-vaccine-rollout-update-17-may-2021.pdf
2021-05-17,3183324,83187,2064601,50522,1763575,45832,301026,4690,324743,11204,173093,2763,133424,2775,51098,1359,81460,1443,39537,841,23818,865,291550,11415,64425,2152,67539,367,27397,352,9023,192,22533,482,5878,43,1630,0,102601,1102,427383,10861,385770,9441,172993,4954,44421,950,129992,2926,30873,774,10486,99,561657,15827,175251,125775,2199,1566,,,,,,,,,Y,https://www.health.gov.au/sites/default/files/documents/2021/05/covid-19-vaccine-rollout-update-18-may-2021.pdf
2021-05-18,3278854,95530,2124870,60269,1817461,53886,307409,6383,334762,10019,175486,2393,136404,2980,53669,2571,85255,3795,40308,771,24830,1012,303270,11720,66920,2495,68285,746,27445,48,9267,244,23434,901,5920,42,1630,0,104508,1907,440031,12648,397160,11390,178623,5630,45722,1301,134286,4294,31822,949,10889,403,578928,17271,178950,128459,2251,1600,87033,78898,41591,17966,33229,16656,8904,125810,Y,https://www.health.gov.au/sites/default/files/documents/2021/05/covid-19-vaccine-rollout-update-19-may-2021.pdf
2021-05-19,3371728,92874,2187101,62231,1874027,56566,313074,5665,344259,9497,178372,2886,139289,2885,53816,147,87166,1911,41151,843,25961,1131,314613,11343,68708,1788,68870,585,28113,668,9509,242,23897,463,5965,45,1641,11,106371,1863,453707,13676,408914,11754,184055,5432,46837,1115,138963,4677,32832,1010,11225,336,597494,18566,182039,131035,2306,1637,87033,78898,41591,17966,33229,16656,8904,125810,Y,https://www.health.gov.au/sites/default/files/documents/2021/05/covid-19-vaccine-rollout-update-21-may-2021_0.pdf
2021-05-20,3472874,101146,2253685,66584,1933610,59583,320075,7001,354942,10683,182245,3873,142639,3350,54859,1043,89108,1942,41913,762,26920,959,326563,11950,71078,2370,69436,566,28554,441,9509,0,24993,1096,5987,22,1664,23,108854,2483,467207,13500,422048,13134,190517,6462,47989,1152,143310,4347,33921,1089,11502,277,617116,19622,185648,134427,2356,1676,87033,78898,41591,17966,33229,16656,8904,125810,Y,https://www.health.gov.au/sites/default/files/documents/2021/05/covid-19-vaccine-rollout-update-20-may-2021.pdf
2021-05-21,3562495,89621,2309152,55467,1983314,49704,325838,5763,363919,8977,186953,4708,145754,3115,56309,1450,90995,1887,42798,885,27567,647,339048,12485,72800,1722,70046,610,28943,389,10112,603,25562,569,6011,24,1664,0,110700,1846,478249,11042,431794,9746,195861,5344,49340,1351,147045,3735,34602,681,11744,242,634679,17563,189285,136553,2411,1709,87033,78898,41591,17966,33229,16656,8904,125810,Y,https://www.health.gov.au/sites/default/files/documents/2021/05/covid-19-vaccine-rollout-update-22-may-2021.pdf
2021-05-22,3599964,37469,2331163,22011,2005141,21827,326022,184,367873,3954,187516,563,147473,1719,57607,1298,92085,1090,43287,489,27567,0,345393,6345,72800,0,70046,0,28943,0,10112,0,25562,0,6011,0,1664,0,110884,184,483470,5221,435379,3585,199042,3181,50486,1146,148300,1255,35417,815,11809,65,641238,6559,189285,136737,2411,1711,87033,78898,41591,17966,33229,16656,8904,125810,Y,https://www.health.gov.au/sites/default/files/documents/2021/05/covid-19-vaccine-rollout-update-23-may-2021.pdf
2021-05-23,3613053,13089,2338303,7140,2012186,7045,326117,95,370495,2622,187517,1,148503,1030,58472,865,92887,802,43630,343,27853,286,345393,0,72800,0,70046,0,28943,0,10112,0,25562,0,6011,0,1664,0,110979,95,485812,2342,436743,1364,199752,710,50763,277,148723,423,35666,249,11809,0,642918,1680,189285,136832,2411,1712,87033,78898,41591,17966,33229,16656,8904,125810,Y,https://www.health.gov.au/sites/default/files/documents/2021/05/covid-19-vaccine-rollout-update-24-may-2021.pdf
2021-05-24,3690622,77569,2391582,53279,2061522,49336,330060,3943,369504,-991,193002,5485,151723,3220,59667,1195,94361,1474,44514,884,28352,499,357917,12524,74050,1250,71102,1056,29494,551,9998,-114,25862,300,6061,50,1670,6,111823,844,496977,11165,446473,9730,205470,5718,51861,1098,152389,3666,37163,1497,12127,318,659062,16144,190880,139180,2443,1752,87033,78898,41591,17966,33229,16656,8904,125810,Y,https://www.health.gov.au/sites/default/files/documents/2021/05/covid-19-vaccine-rollout-update-25-may-2021.pdf
2021-05-25,3795280,104658,2452469,60887,2119443,57921,333026,2966,385320,15816,198598,5596,154879,3156,60801,1134,97327,2966,45324,810,29445,1093,371117,13200,74809,759,71633,531,29801,307,10168,170,25968,106,6091,30,1700,30,112856,1033,510900,13923,458876,12403,211241,5771,53175,1314,155900,3511,37958,795,12598,471,678795,19733,191616,141410,2451,1795,102081,84774,48869,20773,38828,19309,10472,145341,Y,https://www.health.gov.au/sites/default/files/documents/2021/05/covid-19-vaccine-rollout-update-26-may-2021.pdf
2021-05-26,3906668,111388,2522764,70295,2185537,66094,337227,4201,398009,12689,204872,6274,158332,3453,62525,1724,99446,2119,46084,760,30580,1135,384056,12939,75476,667,72364,731,30343,542,10174,6,26408,440,6125,34,1740,40,114597,1741,527970,17070,472111,13235,218238,6997,54300,1125,160814,4914,39029,1071,13043,445,700032,21237,193228,143999,2494,1828,102081,84774,48869,20773,38828,19309,10472,145341,Y,https://www.health.gov.au/sites/default/files/documents/2021/05/covid-19-vaccine-rollout-update-27-may-2021.pdf
2021-05-27,4031539,124871,2594241,71477,2252603,67066,341638,4411,421634,23625,212129,7257,161862,3530,63293,768,102295,2849,46912,828,31529,949,397644,13588,75800,324,73044,680,30768,425,10186,12,26761,353,6178,53,1721,-19,117180,2583,545410,17440,485843,13732,225042,6804,55972,1672,165330,4516,40168,1139,13407,364,721431,21399,195164,146474,2510,1877,102081,84774,48869,20773,38828,19309,10472,145341,Y,https://www.health.gov.au/sites/default/files/documents/2021/05/covid-19-vaccine-rollout-update-28-may-2021.pdf
2021-05-28,4153149,121610,2662122,67881,2316013,63410,346109,4471,445158,23524,219552,7423,165652,3790,64601,1308,104771,2476,47930,1018,31529,0,411834,14190,77182,1382,73211,167,31318,550,10192,6,27220,459,6219,41,1745,24,119022,1842,563962,18552,497299,11456,231357,6315,57165,1193,169885,4555,41297,1129,13897,490,741151,19720,197116,148993,2534,1914,102081,84774,48869,20773,38828,19309,10472,145341,Y,https://www.health.gov.au/sites/default/files/documents/2021/05/covid-19-vaccine-rollout-update-29-may-2021.pdf
2021-05-29,4212899,59750,2694472,32350,2348906,32893,345566,-543,460474,15316,220152,600,167450,1798,65557,956,105748,977,48521,591,31529,0,418996,7162,77134,-48,72542,-669,31318,0,10192,0,27166,-54,6219,0,1745,0,119250,228,576142,12180,501949,4650,235148,3791,58493,1328,171743,1858,41795,498,13907,10,749729,8578,196580,148986,2534,1914,102081,84774,48869,20773,38828,19309,10472,145341,Y,https://www.health.gov.au/sites/default/files/documents/2021/05/covid-19-vaccine-rollout-update-30-may-2021.pdf
2021-05-30,4243600,30701,2705382,10910,2359799,10893,345583,17,476242,15768,220152,0,168951,1501,65557,0,106559,811,48815,294,32946,1417,418996,0,77134,0,72559,17,31318,0,10192,0,27166,0,6219,0,1745,0,119250,0,581283,5141,503262,1313,236340,1192,58713,220,172153,410,42401,606,13929,22,751718,1989,196580,149003,2537,1920,102081,84774,48869,20773,38828,19309,10472,145341,Y,https://www.health.gov.au/sites/default/files/documents/2021/05/covid-19-vaccine-rollout-update-31-may-2021.pdf
2021-05-31,4362739,119139,2774295,68913,2425254,65455,349041,3458,494037,17795,228213,8061,172356,3405,68427,2870,109179,2620,49508,693,33777,831,432947,13951,78862,1728,72772,213,31757,439,10379,187,27542,376,6219,0,1749,4,119761,511,602149,20866,514117,10855,242727,6387,60096,1383,176376,4223,42520,119,14539,610,772730,21012,197297,151744,2544,1957,102081,84774,48869,20773,38828,19309,10472,145341,Y,https://www.health.gov.au/sites/default/files/documents/2021/06/covid-19-vaccine-rollout-update-1-june-2021.pdf
2021-06-01,4501444,138705,2860154,85859,2498644,73390,361510,12469,513375,19338,236701,8488,175884,3528,70273,1846,112530,3351,50410,902,34857,1080,447260,14313,87974,9112,73452,680,32400,643,10464,85,27910,368,6256,37,1955,206,121099,1338,624875,22726,529183,15066,248785,6058,61182,1086,180736,4360,43913,1393,15112,573,794858,22128,197590,158242,2550,2009,117174,92542,60329,22598,44675,21153,12513,167075,Y,https://www.health.gov.au/sites/default/files/documents/2021/06/covid-19-vaccine-rollout-update-2-june-2021_0.pdf
2021-06-02,4642703,141259,2944422,84268,2578978,80334,365444,3934,536319,22944,245855,9154,179435,3551,71622,1349,115881,3351,51354,944,35960,1103,461855,14595,88822,848,73691,239,32762,362,10584,120,28486,576,6256,0,2190,235,122653,1554,651793,26918,543302,14119,255484,6699,62476,1294,186312,5576,44956,1043,15568,456,819087,24229,203402,162042,2556,2058,117174,92542,60329,22598,44675,21153,12513,167075,Y,https://www.health.gov.au/sites/default/files/documents/2021/06/covid-19-vaccine-rollout-update-3-june-2021.pdf
2021-06-03,4786362,143659,3030828,86406,2660233,81255,370595,5151,557794,21475,255946,10091,183397,3962,71622,0,119292,3411,52596,1242,37622,1662,477265,15410,90941,2119,74186,495,33226,464,10594,10,28963,477,6314,58,2251,61,124120,1467,676414,24621,558886,15584,262514,7030,64256,1780,191825,5513,46432,1476,15974,406,843932,24845,204872,165723,2558,2120,117174,92542,60329,22598,44675,21153,12513,167075,Y,https://www.health.gov.au/sites/default/files/documents/2021/06/covid-19-vaccine-rollout-update-4-june-2021.pdf
2021-06-04,4927607,141245,3107635,76807,2732445,72212,375190,4595,584317,26523,266777,10831,187662,4265,74104,2482,122564,3272,53813,1217,38493,871,492242,14977,93053,2112,74369,183,33487,261,10665,71,29745,782,6364,50,2282,31,125225,1105,699881,23467,573072,14186,268836,6322,65464,1208,197290,5465,47560,1128,16518,544,863824,19892,206583,168607,2561,2161,117174,92542,60329,22598,44675,21153,12513,167075,Y,https://www.health.gov.au/sites/default/files/documents/2021/06/covid-19-vaccine-rollout-update-5-june-2021.pdf
2021-06-05,5016352,88745,3143643,36008,2768110,35665,375533,343,613914,29597,276199,9422,189861,2199,75196,1092,124496,1932,54825,1012,38493,0,499725,7483,93288,235,74369,0,33487,0,10665,0,29745,0,6364,0,2282,0,125333,108,712414,12533,578215,5143,272451,3615,66971,1507,199547,2257,48811,1251,16696,178,873005,9181,206818,168715,2561,2163,117174,92542,60329,22598,44675,21153,12513,167075,Y,https://www.health.gov.au/sites/default/files/documents/2021/06/covid-19-vaccine-rollout-update-6-june-2021.pdf
2021-06-06,5076413,60061,3153382,9739,2777849,9739,375533,0,650878,36964,283768,7569,191384,1523,76363,1167,126358,1862,55787,962,38768,275,499725,0,93288,0,74369,0,33487,0,10665,0,29745,0,6364,0,2282,0,125333,0,718031,5617,578864,649,272653,202,67192,221,199631,84,49042,231,16696,0,875740,2735,206818,168715,2561,2163,117174,92542,60329,22598,44675,21153,12513,167075,Y,https://www.health.gov.au/sites/default/files/documents/2021/06/covid-19-vaccine-rollout-update-7-june-2021_0.pdf
2021-06-07,5203977,127564,3219831,66449,2841165,63316,378666,3133,676024,25146,294537,10769,192868,1484,78446,2083,130890,4532,57030,1243,39939,1171,514412,14687,94722,1434,74630,261,33487,0,10749,84,30404,659,6435,71,2282,0,125957,624,740718,22687,590790,11926,272991,338,68455,1263,203761,4130,50583,1541,17162,466,896705,20965,207689,170977,2561,2192,135645,105173,71489,25637,52740,25439,14656,204595,Y,https://www.health.gov.au/sites/default/files/documents/2021/06/covid-19-vaccine-rollout-update-8-june-2021.pdf
2021-06-08,5344862,140885,3298939,79108,2913973,72808,384966,6300,697903,21879,305615,11078,196217,3349,80538,2092,135642,4752,58313,1283,41209,1270,530486,16074,97775,3053,75538,908,33976,489,10898,149,31134,730,6555,120,2341,59,126749,792,763046,22328,604491,13701,278801,5810,70123,1668,208946,5185,51523,940,17720,558,919323,22618,208932,176034,2564,2259,135645,105173,71489,25637,52740,25439,14656,204595,Y,https://www.health.gov.au/sites/default/files/documents/2021/06/covid-19-vaccine-rollout-update-9-june-2021.pdf
2021-06-09,5487670,142808,3375069,76130,2984909,70936,390160,5194,725049,27146,317982,12367,199593,3376,82158,1620,139732,4090,59586,1273,42531,1322,545970,15484,100015,2240,76171,633,34197,221,11058,160,31805,671,6586,31,2371,30,127957,1208,785007,21961,617710,13219,285509,6708,70847,724,214280,5334,52568,1045,18440,720,940548,21225,209949,180211,2565,2318,135645,105173,71489,25637,52740,25439,14656,204595,Y,https://www.health.gov.au/sites/default/files/documents/2021/06/covid-19-vaccine-rollout-update-10-june-2021.pdf
2021-06-10,5641008,153338,3463085,88016,3067999,83090,395086,4926,749470,24421,329330,11348,204428,4835,83302,1144,145158,5426,60854,1268,43788,1257,561593,15623,102627,2612,76575,404,34357,160,11234,176,32589,784,6632,46,2393,22,128679,722,808611,23604,634420,16710,293127,7618,72764,1917,220613,6333,53788,1220,19169,729,965507,24959,211860,183226,2566,2370,135645,105173,71489,25637,52740,25439,14656,204595,Y,https://www.health.gov.au/sites/default/files/documents/2021/06/covid-19-vaccine-rollout-update-11-june-2021.pdf
2021-06-11,5773924,132916,3532138,69053,3132135,64136,400003,4917,772135,22665,341690,12360,209272,4844,84964,1662,149382,4224,62076,1222,44386,598,577881,16288,104557,1930,77461,886,34520,163,11528,294,33201,612,6644,12,2393,0,129699,1020,827898,19287,645626,11206,299425,6298,74182,1418,225030,4417,55052,1264,20394,1225,984528,19021,214019,185984,2566,2413,135645,105173,71489,25637,52740,25439,14656,204595,Y,https://www.health.gov.au/sites/default/files/documents/2021/06/covid-19-vaccine-rollout-update-12-june-2021.pdf
2021-06-12,5834746,60822,3557361,25223,3156669,24534,400692,689,785623,13488,348287,6597,212123,2851,85961,997,152151,2769,63259,1183,44386,0,585595,7714,105246,689,77461,0,34520,0,11528,0,33201,0,6644,0,2393,0,129699,0,836943,9045,649554,3928,303219,3794,74866,684,226209,1179,55646,594,20420,26,989812,5284,214673,186019,2566,2414,135645,105173,71489,25637,52740,25439,14656,204595,Y,https://www.health.gov.au/sites/default/files/documents/2021/06/covid-19-vaccine-rollout-update-13-june-2021.pdf
2021-06-13,5867299,32553,3567579,10218,3166477,9808,401102,410,797472,11849,352100,3813,214867,2744,86473,512,154426,2275,64401,1142,44386,0,585595,0,105656,410,77461,0,34520,0,11528,0,33201,0,6644,0,2393,0,129699,0,842119,5176,651446,1892,304064,845,74974,108,226582,373,55775,129,20500,80,991017,1205,215071,186031,2566,2414,135645,105173,71489,25637,52740,25439,14656,204595,Y,https://www.health.gov.au/sites/default/files/documents/2021/06/covid-19-vaccine-rollout-update-14-june-2021.pdf
2021-06-14,5931245,63946,3589123,21544,3187278,20801,401845,743,806238,8766,364319,12219,219086,4219,86709,236,156843,2417,65566,1165,45113,727,598248,12653,105656,0,77878,417,34763,243,11528,0,33201,0,6644,0,2393,0,129782,83,843955,1836,663705,12259,308821,4757,75032,58,226617,35,55908,133,20936,436,992304,1287,215502,186343,2566,2418,135645,105173,71489,25637,52740,25439,14656,204595,Y,https://www.health.gov.au/sites/default/files/documents/2021/06/covid-19-vaccine-rollout-update-15-june-2021.pdf
2021-06-15,6083320,152075,3671646,82523,3260723,73445,410923,9078,831856,25618,377309,12990,223374,4288,88849,2140,161301,4458,66789,1223,46725,1612,615471,17223,108557,2901,81037,3159,35101,338,11608,80,34334,1133,6682,38,2393,0,131211,1429,866529,22574,678232,14527,314821,6000,76682,1650,232068,5451,57807,1899,20498,-438,1014086,21782,220170,190753,2566,2436,165724,128324,85546,27397,61844,28967,17565,259437,Y,https://www.health.gov.au/sites/default/files/documents/2021/06/covid-19-vaccine-rollout-update-16-june-2021.pdf
2021-06-16,6219330,136010,3745532,73886,3336667,75944,408865,-2058,850363,18507,391602,14293,227823,4449,90293,1444,165493,4192,67978,1189,48350,1625,631896,16425,108887,330,78819,-2218,35504,403,11710,102,34084,-250,6720,38,2444,51,130697,-514,888155,21626,693210,14978,321117,6296,78033,1351,238073,6005,59347,1540,21100,602,1037632,23546,218499,190366,2566,2478,165724,128324,85546,27397,61844,28967,17565,259437,Y,https://www.health.gov.au/sites/default/files/documents/2021/06/covid-19-vaccine-rollout-update-17-june-2021.pdf
2021-06-17,6360666,141336,3823767,78235,3411932,75265,411835,2970,868512,18149,406087,14485,232372,4549,91525,1232,170440,4947,69198,1220,49839,1489,648926,17030,110362,1475,79319,500,35647,143,11764,54,34310,226,6749,29,2466,22,131218,521,908649,20494,708371,15161,326758,5641,79859,1826,244068,5995,60497,1150,21858,758,1061872,24240,219881,191954,2566,2495,165724,128324,85546,27397,61844,28967,17565,259437,Y,https://www.health.gov.au/sites/default/files/documents/2021/06/covid-19-vaccine-rollout-update-18-june-2021.pdf
2021-06-18,6491476,130810,3891061,67294,3476638,64706,414423,2588,886507,17995,420773,14686,236770,4398,93678,2153,174996,4556,70385,1187,50617,778,666689,17763,110860,498,79663,344,36459,812,11818,54,34639,329,6796,47,2466,0,131722,504,926818,18169,721722,13351,331777,5019,81283,1424,248781,4713,61444,947,23712,1854,1081101,19229,221112,193311,2566,2495,165724,128324,85546,27397,61844,28967,17565,259437,Y,https://www.health.gov.au/sites/default/files/documents/2021/06/covid-19-vaccine-rollout-update-19-june-2021.pdf
2021-06-19,6556029,64553,3917932,26871,3503377,26739,414555,132,897283,10776,429170,8397,239714,2944,95306,1628,178502,3506,71505,1120,50879,262,675738,9049,110860,0,79784,121,36459,0,11818,0,34639,0,6796,0,2466,0,131733,11,934424,7606,725775,4053,334663,2886,82691,1408,250697,1916,62023,579,23786,74,1089318,8217,221244,193311,2566,2510,165724,128324,85546,27397,61844,28967,17565,259437,Y,https://www.health.gov.au/sites/default/files/documents/2021/06/covid-19-vaccine-rollout-update-20-june-2021.pdf
2021-06-20,6590741,34712,3928733,10801,3514178,10801,414555,0,906845,9562,434281,5111,243127,3413,96781,1475,181450,2948,72565,1060,50879,0,676080,342,110860,0,79784,0,36459,0,11818,0,34639,0,6796,0,2466,0,131733,0,937439,3015,728684,2909,335750,1087,83449,758,251083,386,62653,630,23795,9,1091325,2007,221244,193311,2566,2510,165724,128324,85546,27397,61844,28967,17565,259437,Y,https://www.health.gov.au/sites/default/files/documents/2021/06/covid-19-vaccine-rollout-update-21-june-2021_1.pdf
2021-06-21,6719384,128643,3988286,59553,3571994,57816,416292,1737,926876,20031,448225,13944,247770,4643,98552,1771,189565,8115,73745,1180,52240,1361,694125,18045,111950,1090,79816,32,36652,193,11903,85,34817,178,6837,41,2560,94,131757,24,952816,15377,739035,10351,340908,5158,84967,1518,255854,4771,63505,852,24418,623,1110491,19166,221941,194351,2566,2519,256069,188420,106627,40728,79600,35790,22748,357767,Y,https://www.health.gov.au/sites/default/files/documents/2021/06/covid-19-vaccine-rollout-update-22-june-2021.pdf
2021-06-22,6860276,140892,4056612,68326,3638055,66061,418557,2265,950190,23314,463700,15475,254138,6368,100519,1967,194581,5016,74985,1240,53744,1504,711807,17682,113131,1181,80137,321,37093,441,12007,104,34912,95,6876,39,2560,0,131841,84,969382,16566,752775,13740,346129,5221,86701,1734,261439,5585,64417,912,25198,780,1132014,21523,222722,195835,2566,2532,256069,188420,106627,40728,79600,35790,22748,357767,Y,https://www.health.gov.au/sites/default/files/documents/2021/06/covid-19-vaccine-rollout-update-23-june-2021.pdf
2021-06-23,6999198,138922,4129403,72791,3708272,70217,421131,2574,968716,18526,477685,13985,260145,6007,102788,2269,199599,5018,76198,1213,54881,1137,729783,17976,114281,1150,80669,532,37406,313,12079,72,35043,131,6876,0,2596,36,132181,340,988007,18625,768125,15350,352254,6125,88066,1365,267278,5839,65152,735,25965,767,1153425,21411,223458,197673,2566,2542,256069,188420,106627,40728,79600,35790,22748,357767,Y,https://www.health.gov.au/sites/default/files/documents/2021/06/covid-19-vaccine-rollout-update-24-june-2021.pdf
2021-06-24,7137632,138434,4201992,72589,3778390,70118,423602,2471,986341,17625,491587,13902,265350,5205,104341,1553,205274,5675,77441,1243,56605,1724,748701,18918,115260,979,80885,216,37692,286,12137,58,35219,176,6884,8,2634,38,132891,710,1005133,17126,783816,15691,357311,5057,90005,1939,272658,5380,66216,1064,26448,483,1176803,23378,224609,198993,2566,2547,256069,188420,106627,40728,79600,35790,22748,357767,Y,https://www.health.gov.au/sites/default/files/documents/2021/06/covid-19-vaccine-rollout-update-25-june-2021.pdf
2021-06-25,7257605,119973,4254952,52960,3828353,49963,426599,2997,1008036,21695,505594,14007,270213,4863,105789,1448,210358,5084,78656,1215,57218,613,766789,18088,116296,1036,81222,337,38191,499,12214,77,35357,138,7320,436,2640,6,133359,468,1016136,11003,794786,10970,361414,4103,90904,899,277074,4416,66811,595,27101,653,1194127,17324,226020,200579,2566,2553,256069,188420,106627,40728,79600,35790,22748,357767,Y,https://www.health.gov.au/sites/default/files/documents/2021/06/covid-19-vaccine-rollout-update-26-june-2021.pdf
2021-06-26,7326320,68715,4277789,22837,3851044,22691,426745,146,1020914,12878,515991,10397,273359,3146,107400,1611,214175,3817,79804,1148,57218,0,779670,12881,116442,146,81222,0,38191,0,12214,0,35357,0,7320,0,2640,0,133359,0,1020791,4655,798784,3998,364558,3144,92260,1356,278574,1500,67222,411,27361,260,1201494,7367,226039,200706,2566,2553,256069,188420,106627,40728,79600,35790,22748,357767,Y,https://www.health.gov.au/sites/default/files/documents/2021/06/covid-19-vaccine-rollout-update-27-june-2021.pdf
2021-06-27,7374666,48346,4286720,8931,3859909,8865,426811,66,1033384,12470,521731,5740,277936,4577,108743,1343,217379,3204,80889,1085,57562,344,790322,10652,116508,66,81222,0,38191,0,12214,0,35357,0,7320,0,2640,0,133359,0,1022982,2191,801241,2457,365664,1106,92618,358,279010,436,67540,318,27360,-1,1203494,2000,226097,200714,2566,2553,256069,188420,106627,40728,79600,35790,22748,357767,Y,https://www.health.gov.au/sites/default/files/documents/2021/06/covid-19-vaccine-rollout-update-28-june-2021.pdf
2021-06-28,7500700,126034,4337756,51036,3908218,48309,429538,2727,1060242,26858,535507,13776,283859,5923,110278,1535,222353,4974,82091,1202,58766,1204,809848,19526,117963,1455,81389,167,38350,159,12325,111,35472,115,7359,39,2640,0,134040,681,1034159,11177,811257,10016,369224,3560,93546,928,282303,3293,68502,962,27845,485,1221382,17888,227468,202070,2566,2556,382741,273359,132839,50642,103356,42467,27878,463624,Y,https://www.health.gov.au/sites/default/files/documents/2021/06/covid-19-vaccine-rollout-update-29-june-2021.pdf
2021-06-29,7645585,144885,4408194,70438,3975551,67333,432643,3105,1079775,19533,552565,17058,291516,7657,111945,1667,227805,5452,83525,1434,59576,810,830684,20836,119374,1411,81748,359,38489,139,12445,120,35742,270,7377,18,2640,0,134828,788,1048317,14158,826391,15134,375075,5851,94986,1440,286734,4431,69567,1065,28713,868,1245768,24386,229557,203086,2566,2559,382741,273359,132839,50642,103356,42467,27878,463624,Y,https://www.health.gov.au/sites/default/files/documents/2021/06/covid-19-vaccine-rollout-update-30-june-2021.pdf
2021-06-30,7806975,161390,4491226,83032,4056014,80463,435212,2569,1101572,21797,570729,18164,299121,7605,113734,1789,232885,5080,85086,1561,61222,1646,851400,20716,119936,562,82314,566,38721,232,12562,117,35988,246,7395,18,2694,54,135602,774,1064586,16269,846425,20034,381942,6867,96673,1687,293017,6283,70778,1211,29852,1139,1272741,26973,230986,204226,2566,2561,382741,273359,132839,50642,103356,42467,27878,463624,Y,https://www.health.gov.au/sites/default/files/documents/2021/07/covid-19-vaccine-rollout-update-1-july-2021.pdf
2021-07-01,7970153,163178,4579304,88078,4140510,84496,438794,3582,1121235,19663,588224,17495,305701,6580,114984,1250,238974,6089,86761,1675,62281,1059,872689,21289,120820,884,82687,373,39018,297,12670,108,36362,374,7449,54,2757,63,137031,1429,1081502,16916,867120,20695,388492,6550,98759,2086,299026,6009,71775,997,30928,1076,1302908,30167,232572,206222,2566,2563,382741,273359,132839,50642,103356,42467,27878,463624,Y,https://www.health.gov.au/sites/default/files/documents/2021/07/covid-19-vaccine-rollout-update-2-july-2021.pdf
2021-07-02,8121649,151496,4658934,79630,4215842,75332,443092,4298,1142475,21240,603208,14984,311488,5787,116858,1874,244121,5147,88346,1585,63198,917,893021,20332,122302,1482,83159,472,39534,516,12670,0,36625,263,7461,12,2757,0,138584,1553,1095634,14132,883495,16375,396290,7798,100274,1515,304741,5715,72976,1201,31926,998,1330506,27598,235241,207851,2566,2565,382741,273359,132839,50642,103356,42467,27878,463624,Y,https://www.health.gov.au/sites/default/files/documents/2021/07/covid-19-vaccine-rollout-update-3-july-2021.pdf
2021-07-03,8201367,79718,4692195,33261,4248494,32652,443701,609,1154819,12344,611037,7829,316127,4639,118018,1160,247870,3749,89802,1456,63198,0,908301,15280,122341,39,83159,0,39534,0,12670,0,36625,0,7461,0,2757,0,139154,570,1102635,7001,889967,6472,400067,3777,102151,1877,306904,2163,73728,752,32092,166,1340950,10444,235807,207894,2566,2565,382741,273359,132839,50642,103356,42467,27878,463624,Y,https://www.health.gov.au/sites/default/files/documents/2021/07/covid-19-vaccine-rollout-update-4-july-2021.pdf
2021-07-04,8255473,54106,4705214,13019,4260991,12497,444223,522,1166277,11458,615144,4107,320991,4864,119344,1326,251411,3541,91190,1388,64243,1045,921659,13358,122341,0,83159,0,39534,0,12670,0,36625,0,7461,0,2757,0,139676,522,1105620,2985,892299,2332,401868,1801,102446,295,307686,782,74462,734,32093,1,1344517,3567,236309,207914,2566,2565,382741,273359,132839,50642,103356,42467,27878,463624,Y,https://www.health.gov.au/sites/default/files/documents/2021/07/covid-19-vaccine-rollout-update-5-july-2021.pdf
2021-07-05,8402191,146718,4780305,75091,4332771,71780,447534,3311,1189708,23431,627814,12670,326241,5250,121331,1987,256522,5111,92671,1481,65378,1135,942221,20562,124212,1871,83325,166,39802,268,12726,56,36640,15,7463,2,2858,101,140508,832,1121721,16101,906825,14526,408318,6450,103925,1479,312613,4927,75649,1187,32889,796,1370831,26314,238545,208989,2566,2565,528736,380087,165663,63012,135432,53755,33108,588303,Y,https://www.health.gov.au/sites/default/files/documents/2021/07/covid-19-vaccine-rollout-update-6-july-2021.pdf
2021-07-06,8567666,165475,4865936,85631,4414679,81908,451257,3723,1216248,26540,642811,14997,333632,7391,123629,2298,261593,5071,94157,1486,66875,1497,962785,20564,125329,1117,83573,248,40224,422,12998,272,37245,605,7482,19,2953,95,141453,945,1138258,16537,925360,18535,415242,6924,105282,1357,318416,5803,77036,1387,33769,880,1401316,30485,240854,210403,2566,2565,528736,380087,165663,63012,135432,53755,33108,588303,Y,https://www.health.gov.au/sites/default/files/documents/2021/07/covid-19-vaccine-rollout-update-7-july-2021.pdf
2021-07-07,8706799,139133,4951759,85823,4497564,82885,454195,2938,1222819,6571,658515,15704,340438,6806,125069,1440,261593,0,95588,1431,68465,1590,982553,19768,125943,614,83967,394,40455,231,13123,125,37513,268,7488,6,3013,60,142693,1240,1155177,16919,945424,20064,422296,7054,106659,1377,324414,5998,77958,922,34678,909,1430958,29642,242682,211513,2566,2566,528736,380087,165663,63012,135432,53755,33108,588303,Y,https://www.health.gov.au/sites/default/files/documents/2021/07/covid-19-vaccine-rollout-update-8-july-2021.pdf
2021-07-08,8871572,164773,5044200,92441,4586917,89353,457283,3088,1238347,15528,672927,14412,346820,6382,126554,1485,271659,10066,97095,1507,69808,1343,1004162,21609,126440,497,84442,475,40712,257,13466,343,37734,221,7509,21,3065,52,143915,1222,1173439,18262,964928,19504,429802,7506,108689,2030,330865,6451,79500,1542,35614,936,1464080,33122,244833,212450,2566,2566,528736,380087,165663,63012,135432,53755,33108,588303,Y,https://www.health.gov.au/sites/default/files/documents/2021/07/covid-19-vaccine-rollout-update-9-july-2021.pdf
2021-07-09,9014072,142500,5121480,77280,4661588,74671,459892,2609,1253966,15619,686452,13525,352772,5952,127869,1315,276492,4833,98572,1477,70186,378,1026283,22121,126962,522,84712,270,40952,240,13560,94,38033,299,7538,29,3136,71,144999,1084,1189212,15773,981094,16166,436501,6699,109924,1235,335868,5003,80574,1074,36537,923,1491878,27798,246353,213539,2566,2566,528736,380087,165663,63012,135432,53755,33108,588303,Y,https://www.health.gov.au/sites/default/files/documents/2021/07/covid-19-vaccine-rollout-update-10-july-2021.pdf
2021-07-10,9097969,83897,5158191,36711,4697520,35932,460671,779,1266286,12320,694397,7945,357613,4841,129145,1276,280242,3750,99998,1426,70504,318,1041593,15310,126962,0,84839,127,40952,0,13560,0,38033,0,7538,0,3136,0,145651,652,1197080,7868,986981,5887,440717,4216,111246,1322,338171,2303,81574,1000,36772,235,1504979,13101,247066,213605,2566,2566,528736,380087,165663,63012,135432,53755,33108,588303,Y,https://www.health.gov.au/sites/default/files/documents/2021/07/covid-19-vaccine-rollout-update-11-july-2021.pdf
2021-07-11,9149817,51848,5172741,14550,4711565,14045,461176,505,1277146,10860,698170,3773,362423,4810,130736,1591,283708,3466,101329,1331,70504,0,1053060,11467,126962,0,84839,0,40952,0,13560,0,38033,0,7538,0,3136,0,146156,505,1201012,3932,989821,2840,442300,1583,111793,547,338794,623,82139,565,36774,2,1508932,3953,247571,213605,2566,2566,528736,380087,165663,63012,135432,53755,33108,588303,Y,https://www.health.gov.au/sites/default/files/documents/2021/07/covid-19-vaccine-rollout-update-12-july-2021.pdf
2021-07-12,9304026,154209,5256473,83732,4791426,79861,465047,3871,1299562,22416,710110,11940,367870,5447,132423,1687,288820,5112,102736,1407,72223,1719,1073809,20749,127437,475,85226,387,41153,201,13973,413,38318,285,7583,45,3215,79,148142,1986,1218162,17150,1005559,15738,448536,6236,113192,1399,343518,4724,83711,1572,37553,779,1541195,32263,250589,214458,2566,2566,661253,485859,199330,74602,170866,62193,38599,712624,Y,https://www.health.gov.au/sites/default/files/documents/2021/07/covid-19-vaccine-rollout-update-13-july-2021.pdf
2021-07-13,9469145,165119,5353962,97489,4885499,94073,468463,3416,1313107,13545,725615,15505,375628,7758,134285,1862,294417,5597,104214,1478,73486,1263,1094431,20622,128104,667,85515,289,41361,208,13994,21,38592,274,7610,27,3215,0,150072,1930,1236365,18203,1024434,18875,455341,6805,114458,1266,349144,5626,85192,1481,38467,914,1582098,40903,253288,215175,2566,2566,661253,485859,199330,74602,170866,62193,38599,712624,Y,https://www.health.gov.au/sites/default/files/documents/2021/07/covid-19-vaccine-rollout-update-14-july-2021.pdf
2021-07-14,9631807,162662,5451180,97218,4979911,94412,471269,2806,1328544,15437,740272,14657,383067,7439,135589,1304,300065,5648,105644,1430,74850,1364,1112596,18165,128586,482,85805,290,41601,240,14338,344,38760,168,7643,33,3292,77,151244,1172,1256021,19656,1042922,18488,462301,6960,115981,1523,355638,6494,86366,1174,39413,946,1621269,39171,255360,215909,2566,2566,661253,485859,199330,74602,170866,62193,38599,712624,Y,https://www.health.gov.au/sites/default/files/documents/2021/07/covid-19-vaccine-rollout-update-15-july-2021.pdf
2021-07-15,9806809,175002,5555024,103844,5079328,99417,475696,4427,1346052,17508,754655,14383,389880,6813,136907,1318,305675,5610,106977,1333,76475,1625,1135164,22568,129177,591,86493,688,41726,125,14662,324,38872,112,7653,10,3333,41,153780,2536,1275512,19491,1063702,20780,469654,7353,117953,1972,361375,5737,87843,1477,40423,1010,1662866,41597,259249,216447,2566,2566,661253,485859,199330,74602,170866,62193,38599,712624,Y,https://www.health.gov.au/sites/default/files/documents/2021/07/covid-19-vaccine-rollout-update-16-july-2021.pdf
2021-07-16,9970746,163937,5646922,91898,5167748,88420,479174,3478,1365838,19786,767522,12867,395818,5938,138636,1729,311163,5488,108396,1419,77572,1097,1158879,23715,130278,1101,86995,502,42154,428,15040,378,39206,334,7686,33,3354,21,154461,681,1293853,18341,1079250,15548,476911,7257,119324,1371,366886,5511,89147,1304,41263,840,1701114,38248,261940,217234,2566,2566,661253,485859,199330,74602,170866,62193,38599,712624,Y,https://www.health.gov.au/sites/default/files/documents/2021/07/covid-19-vaccine-rollout-update-17-july-2021.pdf
2021-07-17,10067446,96700,5693873,46951,5212152,44404,481721,2547,1379885,14047,774625,7103,400428,4610,140130,1494,315487,4324,109690,1294,77572,0,1175756,16877,130341,63,87372,377,42154,0,15040,0,39272,66,7686,0,3354,0,156502,2041,1304600,10747,1086668,7418,481244,4333,120527,1203,368909,2023,90017,870,41418,155,1718769,17655,264140,217581,2566,2566,661253,485859,199330,74602,170866,62193,38599,712624,Y,https://www.health.gov.au/sites/default/files/documents/2021/07/covid-19-vaccine-rollout-update-18-july-2021.pdf
2021-07-18,10125533,58087,5711107,17234,5229296,17144,481811,90,1392522,12637,777596,2971,405581,5153,141418,1288,319494,4007,110962,1272,77966,394,1188887,13131,130401,60,87372,0,42154,0,15040,0,39272,0,7686,0,3354,0,156532,30,1308647,4047,1089233,2565,483029,1785,120832,305,369950,1041,90115,98,41418,0,1726072,7303,264171,217640,2566,2566,661253,485859,199330,74602,170866,62193,38599,712624,Y,https://www.health.gov.au/sites/default/files/documents/2021/07/covid-19-vaccine-rollout-update-19-july-2021.pdf
2021-07-19,10295444,169911,5806944,95837,5322175,92879,484769,2958,1416523,24001,788036,10440,411810,6229,143565,2147,325328,5834,112598,1636,79021,1055,1211619,22732,130765,364,88081,709,42387,233,15293,253,39481,209,7686,0,3435,81,157641,1109,1329811,21164,1103847,14614,490139,7110,122792,1960,373838,3888,92191,2076,42285,867,1767272,41200,265900,218869,2566,2566,785324,587989,241895,85430,206626,74648,45164,885160,Y,https://www.health.gov.au/sites/default/files/documents/2021/07/covid-19-vaccine-rollout-update-20-july-2021.pdf
2021-07-20,10470033,174589,5909786,102842,5421312,99137,488474,3705,1431625,15102,801602,13566,419979,8169,145229,1664,331603,6275,114286,1688,80608,1587,1235315,23696,131777,1012,88416,335,42733,346,15640,347,39774,293,7690,4,3465,30,158979,1338,1350948,21137,1123151,19304,497318,7179,124188,1396,379919,6081,93440,1249,43259,974,1809089,41817,267725,220749,2566,2566,785324,587989,241895,85430,206626,74648,45164,885160,Y,https://www.health.gov.au/sites/default/files/documents/2021/07/covid-19-vaccine-rollout-update-21-july-2021.pdf
2021-07-21,10654563,184530,6016786,107000,5526052,104740,490734,2260,1453158,21533,814416,12814,428564,8585,146739,1510,337651,6048,116492,2206,81893,1285,1258864,23549,132201,424,88549,133,43083,350,16050,410,40021,247,7699,9,3476,11,159655,676,1375450,24502,1142340,19189,505774,8456,125756,1568,387907,7988,94781,1341,44275,1016,1849769,40680,268656,222078,2566,2566,785324,587989,241895,85430,206626,74648,45164,885160,Y,https://www.health.gov.au/sites/default/files/documents/2021/07/covid-19-vaccine-rollout-update-22-july-2021.pdf
2021-07-22,10850993,196430,6132819,116033,5637929,111877,494890,4156,1474851,21693,827724,13308,436697,8133,148375,1636,344327,6676,118758,2266,82968,1075,1284474,25610,132812,611,89157,608,43264,181,16559,509,39463,-558,7699,0,3491,15,162445,2790,1400649,25199,1161791,19451,514115,8341,127682,1926,395269,7362,96146,1365,45256,981,1897021,47252,271135,223755,2566,2566,785324,587989,241895,85430,206626,74648,45164,885160,Y,https://www.health.gov.au/sites/default/files/documents/2021/07/covid-19-vaccine-rollout-update-23-july-2021.pdf
2021-07-23,11032835,181842,6238396,105577,5738860,100931,499536,4646,1496784,21933,840306,12582,443222,6525,150033,1658,350353,6026,120987,2229,82968,0,1309786,25312,133570,758,89814,657,43722,458,17051,492,39851,388,7699,0,3493,2,164336,1891,1422137,21488,1179643,17852,522421,8306,129513,1831,401900,6631,97438,1292,45798,542,1940010,42989,273851,225685,2566,2566,785324,587989,241895,85430,206626,74648,45164,885160,Y,https://www.health.gov.au/sites/default/files/documents/2021/07/covid-19-vaccine-rollout-update-24-july-2021.pdf
2021-07-24,11140511,107676,6285694,47298,5785218,46358,500476,940,1514279,17495,848695,8389,448391,5169,151452,1419,355018,4665,123133,2146,83650,682,1330199,20413,133564,-6,89934,120,43722,0,17051,0,39851,0,7699,0,3493,0,165162,826,1433090,10953,1185582,5939,527157,4736,130726,1213,404796,2896,98394,956,46002,204,1959471,19461,274094,226382,2566,2566,785324,587989,241895,85430,206626,74648,45164,885160,Y,https://www.health.gov.au/sites/default/files/documents/2021/07/covid-19-vaccine-rollout-update-25-july-2021.pdf
2021-07-25,11211447,70936,6307043,21349,5805973,20755,501070,594,1529832,15553,852186,3491,454605,6214,153453,2001,359483,4465,125189,2056,84009,359,1345647,15448,133564,0,89934,0,43722,0,17051,0,39851,0,7699,0,3493,0,165756,594,1439065,5975,1188977,3395,529818,2661,130967,241,405699,903,98566,172,46003,1,1966878,7407,274131,226939,2566,2566,785324,587989,241895,85430,206626,74648,45164,885160,Y,https://www.health.gov.au/sites/default/files/documents/2021/07/covid-19-vaccine-rollout-update-26-july-2021.pdf
2021-07-26,11396784,185337,6414568,107525,5909489,103516,505079,4009,1553105,23273,862398,10212,462044,7439,155492,2039,365814,6331,127438,2249,85419,1410,1370506,24859,134256,692,90487,553,44411,689,17351,300,40139,288,7699,0,3521,28,167215,1459,1463441,24376,1205399,16422,538157,8339,132274,1307,410976,5277,100652,2086,46634,631,2011956,45078,276438,228641,2572,2586,919499,682709,294201,96922,245258,87411,50733,1074634,Y,https://www.health.gov.au/sites/default/files/documents/2021/07/covid-19-vaccine-rollout-update-27-july-2021.pdf
2021-07-27,11593766,196982,6532809,118241,6024054,114565,508755,3676,1572283,19178,875187,12789,471771,9727,157548,2056,372042,6228,129766,2328,86479,1060,1395881,25375,134720,464,90842,355,44684,273,17794,443,40606,467,7699,0,3589,68,168821,1606,1486922,23481,1226430,21031,546653,8496,134066,1792,418257,7281,102146,1494,47678,1044,2061902,49946,278644,230111,2566,2566,919499,682709,294201,96922,245258,87411,50733,1074634,Y,https://www.health.gov.au/sites/default/files/documents/2021/07/covid-19-vaccine-rollout-update-28-july-2021.pdf
2021-07-28,11795236,201470,6658434,125625,6145680,121626,512754,3999,1590244,17961,887335,12148,481575,9804,159664,2116,377695,5653,131997,2231,87705,1226,1420587,24706,135646,926,91334,492,44969,285,18105,311,40998,392,7699,0,3658,69,170345,1524,1511638,24716,1248526,22096,556652,9999,135294,1228,425982,7725,103583,1437,49014,1336,2114991,53089,280784,231970,2566,2566,919499,682709,294201,96922,245258,87411,50733,1074634,Y,https://www.health.gov.au/sites/default/files/documents/2021/07/covid-19-vaccine-rollout-update-29-july-2021.pdf
2021-07-29,12005978,210742,6790138,131704,6271657,125977,518481,5727,1610095,19851,899059,11724,491068,9493,161592,1928,383791,6096,134095,2098,89145,1440,1446995,26408,136310,664,92305,971,45533,564,18605,500,41404,406,7807,108,3887,229,172630,2285,1537061,25423,1271616,23090,566987,10335,137491,2197,433411,7429,105271,1688,49885,871,2169935,54944,284369,234112,2566,2566,919499,682709,294201,96922,245258,87411,50733,1074634,Y,https://www.health.gov.au/sites/default/files/documents/2021/07/covid-19-vaccine-rollout-update-30-july-2021.pdf
2021-07-30,12206684,200706,6914150,124012,6391251,119594,522899,4418,1630960,20865,910938,11879,499332,8264,161592,0,389217,5426,136339,2244,90289,1144,1473867,26872,136839,529,93147,842,45929,396,18942,337,41830,426,7891,84,4117,230,174204,1574,1560947,23886,1292592,20976,576730,9743,139267,1776,440235,6824,106671,1400,51100,1215,2223709,53774,286781,236118,2566,2566,919499,682709,294201,96922,245258,87411,50733,1074634,Y,https://www.health.gov.au/sites/default/files/documents/2021/07/covid-19-vaccine-rollout-update-31-july-2021.pdf
2021-07-31,12317727,111043,6967842,53692,6444859,53608,522983,84,1646952,15992,918359,7421,505634,6302,161592,0,392942,3725,138511,2172,90686,397,1495209,21342,136853,14,93147,0,45929,0,18942,0,41830,0,7891,0,4117,0,174274,70,1573229,12282,1298734,6142,582198,5468,140461,1194,442769,2534,108024,1353,51316,216,2248128,24419,286847,236136,2566,2566,919499,682709,294201,96922,245258,87411,50733,1074634,Y,https://www.health.gov.au/sites/default/files/documents/2021/08/covid-19-vaccine-rollout-update-1-august-2021.pdf
2021-08-01,12393893,76166,6995384,27542,6471147,26288,524237,1254,1660319,13367,921750,3391,512012,6378,166836,5244,396440,3498,140539,2028,90907,221,1509706,14497,136873,20,93152,5,45941,12,18942,0,41830,0,7891,0,4117,0,175491,1217,1579349,6120,1303479,4745,585335,3137,140705,244,443665,896,108973,949,51339,23,2258302,10174,286957,237280,2566,2566,919499,682709,294201,96922,245258,87411,50733,1074634,Y,https://www.health.gov.au/sites/default/files/documents/2021/08/covid-19-vaccine-rollout-update-2-august-2021.pdf